Node_with_Module,Node,Module,X,Y,Z,Neighbor_Nodes,Bars,Bars_with_Module_Nums,Nodes_with_Module_Nums
PIE-1,PIE,1,415.454299,135.668429,47.69575,ELF_FEW_GAL_HOW_NIX_OVA_RAD_RUM_SPY,ELF-PIE_FEW-PIE_GAL-PIE_HOW-PIE_NIX-PIE_OVA-PIE_PIE-RAD_PIE-RUM_PIE-SPY,ELF-PIE-1_GAL-PIE-1_HOW-PIE-1_NIX-PIE-1_OVA-PIE-1_PIE-RAD-1_PIE-SPY-1_PIE-RUM-1,ELF-1_GAL-1_HOW-1_NIX-1_OVA-1_RAD-1_SPY-1_RUM-5
PIG-13,PIG,13,402.365559,-118.020664,111.785363,ALL_DAD_EAR_EGG_GOO_HOT_JAM_LIE_MOO_RUG_ZAP_PRO,ALL-PIG_DAD-PIG_EAR-PIG_EGG-PIG_GOO-PIG_HOT-PIG_JAM-PIG_LIE-PIG_MOO-PIG_PIG-RUG_PIG-ZAP_PIG-PRO,ALL-PIG-10_DAD-PIG-10_EAR-PIG-10_EGG-PIG-10_GOO-PIG-10_MOO-PIG-10_PIG-RUG-10_GOO-PIG-13_HOT-PIG-13_JAM-PIG-13_LIE-PIG-13_PIG-ZAP-13_PIG-PRO-13,ALL-10_DAD-10_EAR-10_EGG-10_GOO-10_MOO-10_RUG-10_GOO-13_HOT-13_JAM-13_LIE-13_ZAP-13_PRO-13
VOW-6,VOW,6,331.310543,67.097811,106.702696,DRY_FAN_FLY_FUN_GIN_NAN_OIL_PLY_REF_TAX_WIZ_ZZZ,DRY-VOW_FAN-VOW_FLY-VOW_FUN-VOW_GIN-VOW_NAN-VOW_OIL-VOW_PLY-VOW_REF-VOW_TAX-VOW_VOW-WIZ_VOW-ZZZ,DRY-VOW-5_FLY-VOW-5_FUN-VOW-5_OIL-VOW-5_PLY-VOW-5_REF-VOW-5_FAN-VOW-6_GIN-VOW-6_NAN-VOW-6_PLY-VOW-6_VOW-ZZZ-6_TAX-VOW-4_VOW-WIZ-6,DRY-5_FLY-5_FUN-5_OIL-5_PLY-5_REF-5_FAN-6_GIN-6_NAN-6_PLY-6_ZZZ-6_TAX-4_WIZ-4
SEX-8,SEX,8,458.332691,-115.130647,56.7697,AMP_CAB_DAD_EAR_GEL_PHI_ROB_SAW_TAR_YAY,AMP-SEX_CAB-SEX_DAD-SEX_EAR-SEX_GEL-SEX_PHI-SEX_ROB-SEX_SAW-SEX_SEX-TAR_SEX-YAY,AMP-SEX-10_CAB-SEX-10_DAD-SEX-10_EAR-SEX-10_GEL-SEX-10_ROB-SEX-10_AMP-SEX-8_PHI-SEX-8_SAW-SEX-8_SEX-TAR-8_SEX-YAY-8,AMP-10_CAB-10_DAD-10_EAR-10_GEL-10_ROB-10_AMP-8_PHI-8_SAW-8_TAR-8_YAY-8
VOW-5,VOW,6,334.114075,69.092577,104.662813,DRY_FAN_FLY_FUN_GIN_NAN_OIL_PLY_REF_TAX_WIZ_ZZZ,DRY-VOW_FAN-VOW_FLY-VOW_FUN-VOW_GIN-VOW_NAN-VOW_OIL-VOW_PLY-VOW_REF-VOW_TAX-VOW_VOW-WIZ_VOW-ZZZ,DRY-VOW-5_FLY-VOW-5_FUN-VOW-5_OIL-VOW-5_PLY-VOW-5_REF-VOW-5_FAN-VOW-6_GIN-VOW-6_NAN-VOW-6_PLY-VOW-6_VOW-ZZZ-6_TAX-VOW-4_VOW-WIZ-6,DRY-5_FLY-5_FUN-5_OIL-5_PLY-5_REF-5_FAN-6_GIN-6_NAN-6_PLY-6_ZZZ-6_TAX-4_WIZ-4
COY-12,COY,9,316.250712,-50.538123,79.795053,AGE_ART_BED_BUG_CHI_LAX_NOR_ELK_KIT_MAD,AGE-COY_ART-COY_BED-COY_BUG-COY_CHI-COY_COY-LAX_COY-NOR_COY-ELK_COY-KIT_COY-MAD,ART-COY-12_BED-COY-12_BUG-COY-12_COY-LAX-12_COY-NOR-12_COY-MAD-12_AGE-COY-9_BED-COY-9_CHI-COY-9_COY-NOR-9_COY-ELK-9_COY-KIT-9,ART-12_BED-12_BUG-12_LAX-12_NOR-12_MAD-12_AGE-9_BED-9_CHI-9_NOR-9_ELK-9_KIT-9
AHI-7,AHI,7,435.566449,33.922206,142.527308,NIL_YES_ERA_IRE_JUG_EON,AHI-NIL_AHI-YES_AHI-ERA_AHI-IRE_AHI-JUG_AHI-EON,AHI-NIL-7_AHI-YES-7_AHI-ERA-7_AHI-IRE-7_AHI-EON-7_AHI-JUG-7,NIL-7_YES-7_ERA-7_IRE-7_EON-7_JUG-6
TRY-6,TRY,6,357.428665,-20.183222,149.589763,ACT_DUH_FOG_LAM_SOY_TAU,ACT-TRY_DUH-TRY_FOG-TRY_LAM-TRY_SOY-TRY_TAU-TRY,ACT-TRY-6_DUH-TRY-6_FOG-TRY-6_SOY-TRY-6_TAU-TRY-6_LAM-TRY-12,ACT-6_DUH-6_FOG-6_SOY-6_TAU-6_LAM-12
DUB-5,DUB,5,437.244806,99.446321,109.744892,ADO_ARM_TOY_WAR_WET_ELF,ADO-DUB_ARM-DUB_DUB-TOY_DUB-WAR_DUB-WET_DUB-ELF,ARM-DUB-1_DUB-WAR-1_DUB-WET-1_DUB-ELF-1_ADO-DUB-5_DUB-TOY-5_DUB-WAR-5,ARM-1_WAR-1_WET-1_ELF-1_ADO-5_TOY-5_WAR-5
EGG-10,EGG,10,401.375187,-150.106326,99.73585,ALL_DAD_RUG_PIG_FOR_MOO,ALL-EGG_DAD-EGG_EGG-RUG_EGG-PIG_EGG-FOR_EGG-MOO,ALL-EGG-10_DAD-EGG-10_EGG-RUG-10_EGG-PIG-10_EGG-FOR-10_EGG-MOO-10,ALL-10_DAD-10_RUG-10_PIG-10_FOR-10_MOO-10
DUB-1,DUB,5,439.654337,101.96354,107.35484,ADO_ARM_TOY_WAR_WET_ELF,ADO-DUB_ARM-DUB_DUB-TOY_DUB-WAR_DUB-WET_DUB-ELF,ARM-DUB-1_DUB-WAR-1_DUB-WET-1_DUB-ELF-1_ADO-DUB-5_DUB-TOY-5_DUB-WAR-5,ARM-1_WAR-1_WET-1_ELF-1_ADO-5_TOY-5_WAR-5
BAR-4,BAR,9,289.266493,-27.929054,16.672576,AGE_CUP_SIR_FLU_DOG_ONO,AGE-BAR_BAR-CUP_BAR-SIR_BAR-FLU_BAR-DOG_BAR-ONO,BAR-CUP-4_BAR-FLU-4_BAR-DOG-4_AGE-BAR-9_BAR-SIR-9_BAR-DOG-9_BAR-ONO-9,CUP-4_FLU-4_DOG-4_AGE-9_SIR-9_DOG-9_ONO-9
FIX-11,FIX,7,470.643738,-9.69654,101.207965,ACE_AIR_COW_EYE_MAC_ODD_POP_IVY_GAS_GIG_LUG_YES,ACE-FIX_AIR-FIX_COW-FIX_EYE-FIX_FIX-MAC_FIX-ODD_FIX-POP_FIX-IVY_FIX-GAS_FIX-GIG_FIX-LUG_FIX-YES,AIR-FIX-11_COW-FIX-11_FIX-MAC-11_FIX-ODD-11_FIX-GAS-11_FIX-GIG-11_FIX-LUG-11_ACE-FIX-7_EYE-FIX-7_FIX-MAC-7_FIX-POP-7_FIX-IVY-7_FIX-YES-7,AIR-11_COW-11_MAC-11_ODD-11_GAS-11_GIG-11_LUG-11_ACE-7_EYE-7_MAC-7_POP-7_IVY-7_YES-7
VAN-4,VAN,4,284.002563,21.181929,5.442592,BOX_CUP_FLU_GYM_HUG_PAW,BOX-VAN_CUP-VAN_FLU-VAN_GYM-VAN_HUG-VAN_PAW-VAN,BOX-VAN-4_CUP-VAN-4_FLU-VAN-4_GYM-VAN-4_HUG-VAN-4_PAW-VAN-4,BOX-4_CUP-4_FLU-4_GYM-4_HUG-4_PAW-4
FLY-3,FLY,5,312.475987,96.288018,76.3189,AGO_ALA_DRY_OIL_VOW_OAR_TAX_WIZ,AGO-FLY_ALA-FLY_DRY-FLY_FLY-OIL_FLY-VOW_FLY-OAR_FLY-TAX_FLY-WIZ,AGO-FLY-3_ALA-FLY-3_FLY-OIL-3_FLY-OAR-3_FLY-TAX-3_DRY-FLY-5_FLY-OIL-5_FLY-VOW-5_FLY-WIZ-5,AGO-3_ALA-3_OIL-3_OAR-3_TAX-3_DRY-5_OIL-5_VOW-5_WIZ-4
FLY-5,FLY,5,314.35537,93.834821,78.858535,AGO_ALA_DRY_OIL_VOW_OAR_TAX_WIZ,AGO-FLY_ALA-FLY_DRY-FLY_FLY-OIL_FLY-VOW_FLY-OAR_FLY-TAX_FLY-WIZ,AGO-FLY-3_ALA-FLY-3_FLY-OIL-3_FLY-OAR-3_FLY-TAX-3_DRY-FLY-5_FLY-OIL-5_FLY-VOW-5_FLY-WIZ-5,AGO-3_ALA-3_OIL-3_OAR-3_TAX-3_DRY-5_OIL-5_VOW-5_WIZ-4
OFF-2,OFF,2,475.615993,60.102769,-3.980502,ASK_CIS_FRO_GUN_WHO_TAG_ORC,ASK-OFF_CIS-OFF_FRO-OFF_GUN-OFF_OFF-WHO_OFF-TAG_OFF-ORC,ASK-OFF-2_CIS-OFF-2_GUN-OFF-2_OFF-TAG-2_OFF-ORC-2_FRO-OFF-1_OFF-WHO-2,ASK-2_CIS-2_GUN-2_TAG-2_ORC-2_FRO-1_WHO-1
YES-7,YES,7,450.780071,25.864664,119.793613,ACE_AHI_EON_ERA_FIX_GIG_IRE_MAC_NIL_POP_WET,ACE-YES_AHI-YES_EON-YES_ERA-YES_FIX-YES_GIG-YES_IRE-YES_MAC-YES_NIL-YES_POP-YES_WET-YES,ACE-YES-7_AHI-YES-7_EON-YES-7_ERA-YES-7_FIX-YES-7_IRE-YES-7_MAC-YES-7_NIL-YES-7_POP-YES-7_WET-YES-7_GIG-YES-14,ACE-7_AHI-7_EON-7_ERA-7_FIX-7_IRE-7_MAC-7_NIL-7_POP-7_WET-7_GIG-14
ASK-2,ASK,2,497.103489,64.58376,10.261813,FRO_ORC_GUN_TUB_OFF_TAG,ASK-FRO_ASK-ORC_ASK-GUN_ASK-TUB_ASK-OFF_ASK-TAG,ASK-ORC-2_ASK-GUN-2_ASK-TUB-2_ASK-OFF-2_ASK-TAG-2_ASK-FRO-2,ORC-2_GUN-2_TUB-2_OFF-2_TAG-2_FRO-1
INK-3,INK,3,343.437092,133.01688,55.147004,ALA_GUT_MAY_RUM_OIL_SHY,ALA-INK_GUT-INK_INK-MAY_INK-RUM_INK-OIL_INK-SHY,ALA-INK-3_GUT-INK-3_INK-MAY-3_INK-RUM-3_INK-OIL-3_INK-SHY-3,ALA-3_GUT-3_MAY-3_RUM-3_OIL-3_SHY-5
ICE-6,ICE,6,294.882496,1.778475,96.570384,BED_GIN_HAM_MAD_SAY_LAX,BED-ICE_GIN-ICE_HAM-ICE_ICE-MAD_ICE-SAY_ICE-LAX,BED-ICE-4_GIN-ICE-4_ICE-SAY-4_GIN-ICE-6_HAM-ICE-6_ICE-LAX-6_ICE-MAD-6,BED-4_GIN-4_SAY-4_GIN-6_HAM-6_LAX-6_MAD-12
ICE-4,ICE,6,295.112131,1.830724,92.806181,BED_GIN_HAM_MAD_SAY_LAX,BED-ICE_GIN-ICE_HAM-ICE_ICE-MAD_ICE-SAY_ICE-LAX,BED-ICE-4_GIN-ICE-4_ICE-SAY-4_GIN-ICE-6_HAM-ICE-6_ICE-LAX-6_ICE-MAD-6,BED-4_GIN-4_SAY-4_GIN-6_HAM-6_LAX-6_MAD-12
TAT-9,TAT,9,338.630471,-67.296117,3.723695,COP_ELK_ONO_SIR_USE,COP-TAT_ELK-TAT_ONO-TAT_SIR-TAT_TAT-USE,COP-TAT-9_ELK-TAT-9_ONO-TAT-9_SIR-TAT-9_TAT-USE-9,COP-9_ELK-9_ONO-9_SIR-9_USE-9
ZAP-13,ZAP,13,378.086927,-89.320592,127.586788,BUG_GOO_HOT_LAB_LIE_OLD_PIG_PRO_TAU_YAK,BUG-ZAP_GOO-ZAP_HOT-ZAP_LAB-ZAP_LIE-ZAP_OLD-ZAP_PIG-ZAP_PRO-ZAP_TAU-ZAP_YAK-ZAP,GOO-ZAP-13_HOT-ZAP-13_LAB-ZAP-13_LIE-ZAP-13_OLD-ZAP-13_PIG-ZAP-13_PRO-ZAP-13_TAU-ZAP-13_YAK-ZAP-13_BUG-ZAP-12,GOO-13_HOT-13_LAB-13_LIE-13_OLD-13_PIG-13_PRO-13_TAU-13_YAK-13_BUG-12
HOT-13,HOT,13,401.254834,-99.301305,136.731721,PRO_PIG_ZAP_JAM_OLD_LIE,HOT-PRO_HOT-PIG_HOT-ZAP_HOT-JAM_HOT-OLD_HOT-LIE,HOT-PRO-13_HOT-PIG-13_HOT-ZAP-13_HOT-JAM-13_HOT-OLD-13_HOT-LIE-13,PRO-13_PIG-13_ZAP-13_JAM-13_OLD-13_LIE-13
DUI-2,DUI,2,493.748895,54.966798,57.531118,ACE_DIG_HIT_SKY_TUB_GUN_SUN_TAG_IVY_NOM,ACE-DUI_DIG-DUI_DUI-HIT_DUI-SKY_DUI-TUB_DUI-GUN_DUI-SUN_DUI-TAG_DUI-IVY_DUI-NOM,DIG-DUI-2_DUI-HIT-2_DUI-SKY-2_DUI-TUB-2_DUI-GUN-2_DUI-SUN-2_DUI-TAG-2_DUI-IVY-2_DUI-NOM-2_ACE-DUI-7,DIG-2_HIT-2_SKY-2_TUB-2_GUN-2_SUN-2_TAG-2_IVY-2_NOM-2_ACE-7
FOX-2,FOX,2,510.005904,13.582607,37.977083,BOY_ETA_SKY_IVY_TUX_TAG,BOY-FOX_ETA-FOX_FOX-SKY_FOX-IVY_FOX-TUX_FOX-TAG,BOY-FOX-2_ETA-FOX-2_FOX-SKY-2_FOX-IVY-2_FOX-TUX-2_FOX-TAG-2,BOY-2_ETA-2_SKY-2_IVY-2_TUX-2_TAG-2
FRO-1,FRO,1,479.660218,91.961102,0.878402,ASK_RAW_OFF_WHO_GUN,ASK-FRO_FRO-RAW_FRO-OFF_FRO-WHO_FRO-GUN,FRO-RAW-1_FRO-WHO-1_FRO-GUN-1_ASK-FRO-2_FRO-OFF-1,RAW-1_WHO-1_GUN-1_ASK-2_OFF-2
ELK-9,ELK,9,322.503369,-76.90066,38.971491,AGE_COP_COY_WIG_SIR_NOR_USE_KIT_TAT_WOW_ONO,AGE-ELK_COP-ELK_COY-ELK_ELK-WIG_ELK-SIR_ELK-NOR_ELK-USE_ELK-KIT_ELK-TAT_ELK-WOW_ELK-ONO,AGE-ELK-9_COP-ELK-9_COY-ELK-9_ELK-WIG-9_ELK-SIR-9_ELK-NOR-9_ELK-USE-9_ELK-KIT-9_ELK-TAT-9_ELK-WOW-9_ELK-ONO-9,AGE-9_COP-9_COY-9_WIG-9_SIR-9_NOR-9_USE-9_KIT-9_TAT-9_WOW-9_ONO-9
ACT-6,ACT,6,345.438194,-19.820739,126.222191,BUG_ASH_LAM_TRY_DUH_NAN_TAU_SOY_HAM_LAX,ACT-BUG_ACT-ASH_ACT-LAM_ACT-TRY_ACT-DUH_ACT-NAN_ACT-TAU_ACT-SOY_ACT-HAM_ACT-LAX,ACT-BUG-12_ACT-ASH-12_ACT-LAM-12_ACT-LAX-12_ACT-TRY-6_ACT-DUH-6_ACT-NAN-6_ACT-TAU-6_ACT-SOY-6_ACT-HAM-6_ACT-LAX-6,BUG-12_ASH-12_LAM-12_LAX-12_TRY-6_DUH-6_NAN-6_TAU-6_SOY-6_HAM-6_LAX-6
HIP-10,HIP,10,363.621071,-154.306649,60.236337,FOR_GET_SAD_WOW_RUG_NEW,FOR-HIP_GET-HIP_HIP-SAD_HIP-WOW_HIP-RUG_HIP-NEW,FOR-HIP-10_GET-HIP-10_HIP-SAD-10_HIP-WOW-10_HIP-RUG-10_HIP-NEW-10,FOR-10_GET-10_SAD-10_WOW-10_RUG-10_NEW-10
WIN-8,WIN,8,493.968978,-41.757337,12.518759,BAH_BAM_ETA_HAY_JAR_PAY,BAH-WIN_BAM-WIN_ETA-WIN_HAY-WIN_JAR-WIN_PAY-WIN,BAH-WIN-8_BAM-WIN-8_ETA-WIN-8_HAY-WIN-8_JAR-WIN-8_PAY-WIN-8,BAH-8_BAM-8_ETA-8_HAY-8_JAR-8_PAY-8
RAW-1,RAW,1,473.059913,115.187843,16.763664,FRO_GUN_JOY_LEG_SPY_WHO,FRO-RAW_GUN-RAW_JOY-RAW_LEG-RAW_RAW-SPY_RAW-WHO,FRO-RAW-1_GUN-RAW-1_JOY-RAW-1_LEG-RAW-1_RAW-SPY-1_RAW-WHO-1,FRO-1_GUN-1_JOY-1_LEG-1_SPY-1_WHO-1
HOW-5,HOW,5,400.352096,116.059881,82.089072,ADO_BOA_ELF_FEW_GAL_REF_WAR_PIE_RUM_SHY,ADO-HOW_BOA-HOW_ELF-HOW_FEW-HOW_GAL-HOW_HOW-REF_HOW-WAR_HOW-PIE_HOW-RUM_HOW-SHY,ELF-HOW-1_GAL-HOW-1_HOW-WAR-1_HOW-PIE-1_ADO-HOW-5_BOA-HOW-5_HOW-REF-5_HOW-WAR-5_HOW-RUM-5_HOW-SHY-5,ELF-1_GAL-1_WAR-1_PIE-1_ADO-5_BOA-5_REF-5_WAR-5_RUM-5_SHY-5
JOB-5,JOB,5,400.390413,74.000144,137.379116,ADO_NAY_NIL_JUG_TOY_PLY,ADO-JOB_JOB-NAY_JOB-NIL_JOB-JUG_JOB-TOY_JOB-PLY,ADO-JOB-5_JOB-NAY-5_JOB-NIL-5_JOB-JUG-5_JOB-TOY-5_JOB-PLY-5,ADO-5_NAY-5_NIL-5_JUG-5_TOY-5_PLY-5
SAY-4,SAY,4,287.717971,30.915128,71.521293,BED_DAY_GIN_ICE_PAW_TAX_WIZ_ZIG,BED-SAY_DAY-SAY_GIN-SAY_ICE-SAY_PAW-SAY_SAY-TAX_SAY-WIZ_SAY-ZIG,BED-SAY-4_DAY-SAY-4_GIN-SAY-4_ICE-SAY-4_PAW-SAY-4_SAY-TAX-4_SAY-WIZ-4_SAY-ZIG-4,BED-4_DAY-4_GIN-4_ICE-4_PAW-4_TAX-4_WIZ-4_ZIG-4
ALA-3,ALA,3,322.352007,119.493049,53.480766,AGO_OIL_INK_FLY_GUT_MIX,AGO-ALA_ALA-OIL_ALA-INK_ALA-FLY_ALA-GUT_ALA-MIX,AGO-ALA-3_ALA-OIL-3_ALA-INK-3_ALA-FLY-3_ALA-GUT-3_ALA-MIX-3,AGO-3_OIL-3_INK-3_FLY-3_GUT-3_MIX-3
EGO-3,EGO,3,297.397829,74.368873,-2.991689,AIM_BOX_GYM_MOM_LID_OAR,AIM-EGO_BOX-EGO_EGO-GYM_EGO-MOM_EGO-LID_EGO-OAR,AIM-EGO-3_EGO-GYM-3_EGO-MOM-3_EGO-LID-3_EGO-OAR-3_BOX-EGO-4,AIM-3_GYM-3_MOM-3_LID-3_OAR-3_BOX-4
MOO-10,MOO,10,428.073775,-136.408941,106.571714,DAD_EAR_EGG_GEL_JAM_PIG,DAD-MOO_EAR-MOO_EGG-MOO_GEL-MOO_JAM-MOO_MOO-PIG,DAD-MOO-10_EAR-MOO-10_EGG-MOO-10_GEL-MOO-10_MOO-PIG-10_JAM-MOO-13,DAD-10_EAR-10_EGG-10_GEL-10_PIG-10_JAM-13
OIL-3,OIL,5,339.375554,103.735307,72.956643,AGO_ALA_DRY_FLY_GUT_INK_VOW_RUM_SHY_TAX_REF,AGO-OIL_ALA-OIL_DRY-OIL_FLY-OIL_GUT-OIL_INK-OIL_OIL-VOW_OIL-RUM_OIL-SHY_OIL-TAX_OIL-REF,AGO-OIL-3_ALA-OIL-3_FLY-OIL-3_GUT-OIL-3_INK-OIL-3_OIL-RUM-3_OIL-TAX-3_DRY-OIL-5_FLY-OIL-5_OIL-VOW-5_OIL-RUM-5_OIL-SHY-5_OIL-REF-5,AGO-3_ALA-3_FLY-3_GUT-3_INK-3_RUM-3_TAX-3_DRY-5_FLY-5_VOW-5_RUM-5_SHY-5_REF-5
MAC-11,MAC,7,464.704241,-3.655777,127.661004,AIR_FIX_GIG_IRE_POP_YES,AIR-MAC_FIX-MAC_GIG-MAC_IRE-MAC_MAC-POP_MAC-YES,AIR-MAC-11_FIX-MAC-11_GIG-MAC-11_FIX-MAC-7_IRE-MAC-7_MAC-POP-7_MAC-YES-7,AIR-11_FIX-11_GIG-11_FIX-7_IRE-7_POP-7_YES-7
BED-12,BED,9,301.799018,-10.355721,68.623003,AGE_ICE_DOG_COY_MAD_SAY_GIN_CHI_PAW_CUP_LAX_DAY,AGE-BED_BED-ICE_BED-DOG_BED-COY_BED-MAD_BED-SAY_BED-GIN_BED-CHI_BED-PAW_BED-CUP_BED-LAX_BED-DAY,BED-COY-12_BED-MAD-12_BED-LAX-12_BED-ICE-4_BED-DOG-4_BED-SAY-4_BED-GIN-4_BED-PAW-4_BED-CUP-4_BED-DAY-4_AGE-BED-9_BED-DOG-9_BED-COY-9_BED-CHI-9,COY-12_MAD-12_LAX-12_ICE-4_DOG-4_SAY-4_GIN-4_PAW-4_CUP-4_DAY-4_AGE-9_DOG-9_COY-9_CHI-9
COY-9,COY,9,315.797989,-50.798162,75.829271,AGE_ART_BED_BUG_CHI_LAX_NOR_ELK_KIT_MAD,AGE-COY_ART-COY_BED-COY_BUG-COY_CHI-COY_COY-LAX_COY-NOR_COY-ELK_COY-KIT_COY-MAD,ART-COY-12_BED-COY-12_BUG-COY-12_COY-LAX-12_COY-NOR-12_COY-MAD-12_AGE-COY-9_BED-COY-9_CHI-COY-9_COY-NOR-9_COY-ELK-9_COY-KIT-9,ART-12_BED-12_BUG-12_LAX-12_NOR-12_MAD-12_AGE-9_BED-9_CHI-9_NOR-9_ELK-9_KIT-9
NAY-5,NAY,5,382.477881,88.455799,128.574686,ADO_BOA_FUN_JOB_PLY_REF,ADO-NAY_BOA-NAY_FUN-NAY_JOB-NAY_NAY-PLY_NAY-REF,ADO-NAY-5_BOA-NAY-5_FUN-NAY-5_JOB-NAY-5_NAY-PLY-5_NAY-REF-5,ADO-5_BOA-5_FUN-5_JOB-5_PLY-5_REF-5
YAK-13,YAK,12,351.616827,-95.677381,127.287411,BUG_FIG_GOO_LAB_PRO_ZAP,BUG-YAK_FIG-YAK_GOO-YAK_LAB-YAK_PRO-YAK_YAK-ZAP,GOO-YAK-13_LAB-YAK-13_PRO-YAK-13_YAK-ZAP-13_BUG-YAK-12_FIG-YAK-12_GOO-YAK-12_LAB-YAK-12,GOO-13_LAB-13_PRO-13_ZAP-13_BUG-12_FIG-12_GOO-12_LAB-12
YAK-12,YAK,12,349.521498,-91.87673,127.136509,BUG_FIG_GOO_LAB_PRO_ZAP,BUG-YAK_FIG-YAK_GOO-YAK_LAB-YAK_PRO-YAK_YAK-ZAP,GOO-YAK-13_LAB-YAK-13_PRO-YAK-13_YAK-ZAP-13_BUG-YAK-12_FIG-YAK-12_GOO-YAK-12_LAB-YAK-12,GOO-13_LAB-13_PRO-13_ZAP-13_BUG-12_FIG-12_GOO-12_LAB-12
FOG-6,FOG,6,382.518977,-22.433952,155.477648,TAU_LAW_TRY_RIB_SOY_OLD,FOG-TAU_FOG-LAW_FOG-TRY_FOG-RIB_FOG-SOY_FOG-OLD,FOG-TAU-14_FOG-LAW-14_FOG-RIB-14_FOG-OLD-14_FOG-TAU-6_FOG-TRY-6_FOG-RIB-6_FOG-SOY-6,TAU-14_LAW-14_RIB-14_OLD-14_TAU-6_TRY-6_RIB-6_SOY-6
HOW-1,HOW,5,402.871171,117.511978,79.696304,ADO_BOA_ELF_FEW_GAL_REF_WAR_PIE_RUM_SHY,ADO-HOW_BOA-HOW_ELF-HOW_FEW-HOW_GAL-HOW_HOW-REF_HOW-WAR_HOW-PIE_HOW-RUM_HOW-SHY,ELF-HOW-1_GAL-HOW-1_HOW-WAR-1_HOW-PIE-1_ADO-HOW-5_BOA-HOW-5_HOW-REF-5_HOW-WAR-5_HOW-RUM-5_HOW-SHY-5,ELF-1_GAL-1_WAR-1_PIE-1_ADO-5_BOA-5_REF-5_WAR-5_RUM-5_SHY-5
EON-7,EON,7,459.404539,50.779035,125.922509,ACE_AHI_BRO_YES_WET_POP_NIL_TOY,ACE-EON_AHI-EON_BRO-EON_EON-YES_EON-WET_EON-POP_EON-NIL_EON-TOY,ACE-EON-7_AHI-EON-7_BRO-EON-7_EON-YES-7_EON-WET-7_EON-POP-7_EON-NIL-7_EON-TOY-7,ACE-7_AHI-7_BRO-7_YES-7_WET-7_POP-7_NIL-7_TOY-7
FAN-6,FAN,6,342.965363,50.594242,131.386532,VOW_MOP_PLY_FUN_ZZZ_NAN,FAN-VOW_FAN-MOP_FAN-PLY_FAN-FUN_FAN-ZZZ_FAN-NAN,FAN-VOW-6_FAN-MOP-6_FAN-PLY-6_FAN-ZZZ-6_FAN-NAN-6_FAN-FUN-6,VOW-6_MOP-6_PLY-6_ZZZ-6_NAN-6_FUN-5
ZZZ-6,ZZZ,6,317.310635,42.277712,119.656179,FAN_GIN_HAM_NAN_VOW_WIZ,FAN-ZZZ_GIN-ZZZ_HAM-ZZZ_NAN-ZZZ_VOW-ZZZ_WIZ-ZZZ,FAN-ZZZ-6_GIN-ZZZ-6_HAM-ZZZ-6_NAN-ZZZ-6_VOW-ZZZ-6_WIZ-ZZZ-4,FAN-6_GIN-6_HAM-6_NAN-6_VOW-6_WIZ-4
DIG-2,DIG,2,495.908131,81.510101,52.616012,GUN_NOM_HIT_DUI_JOY_TUB,DIG-GUN_DIG-NOM_DIG-HIT_DIG-DUI_DIG-JOY_DIG-TUB,DIG-GUN-2_DIG-NOM-2_DIG-HIT-2_DIG-DUI-2_DIG-TUB-2_DIG-JOY-2,GUN-2_NOM-2_HIT-2_DUI-2_TUB-2_JOY-1
LEG-1,LEG,1,450.240641,137.15173,9.125889,OVA_SPY_WHO_RAW_NIX,LEG-OVA_LEG-SPY_LEG-WHO_LEG-RAW_LEG-NIX,LEG-OVA-1_LEG-SPY-1_LEG-WHO-1_LEG-RAW-1_LEG-NIX-1,OVA-1_SPY-1_WHO-1_RAW-1_NIX-1
AMP-8,AMP,8,450.502445,-110.76609,30.996501,ROB_SEX_YAY_SAW_CAB,AMP-ROB_AMP-SEX_AMP-YAY_AMP-SAW_AMP-CAB,AMP-ROB-10_AMP-SEX-10_AMP-CAB-10_AMP-SEX-8_AMP-YAY-8_AMP-SAW-8,ROB-10_SEX-10_CAB-10_SEX-8_YAY-8_SAW-8
USE-9,USE,9,330.13826,-99.228408,25.99295,COP_ELK_NEW_ONO_TAT_WOW_WIG,COP-USE_ELK-USE_NEW-USE_ONO-USE_TAT-USE_USE-WOW_USE-WIG,COP-USE-9_ELK-USE-9_ONO-USE-9_TAT-USE-9_USE-WOW-9_USE-WIG-9_NEW-USE-10,COP-9_ELK-9_ONO-9_TAT-9_WOW-9_WIG-9_NEW-10
EAR-10,EAR,10,443.137578,-109.258685,100.853044,COW_DAD_MOO_GEL_PIG_LIE_JAM_WAS_ZOO_SEX_TAR_PHI,COW-EAR_DAD-EAR_EAR-MOO_EAR-GEL_EAR-PIG_EAR-LIE_EAR-JAM_EAR-WAS_EAR-ZOO_EAR-SEX_EAR-TAR_EAR-PHI,COW-EAR-11_EAR-LIE-11_EAR-JAM-11_EAR-WAS-11_EAR-ZOO-11_EAR-TAR-11_EAR-PHI-11_DAD-EAR-10_EAR-MOO-10_EAR-GEL-10_EAR-PIG-10_EAR-SEX-10,COW-11_LIE-11_JAM-11_WAS-11_ZOO-11_TAR-11_PHI-11_DAD-10_MOO-10_GEL-10_PIG-10_SEX-10
DUH-6,DUH,6,345.07075,4.700663,141.359139,ACT_TRY_NAN_MOP_SOY_HAM,ACT-DUH_DUH-TRY_DUH-NAN_DUH-MOP_DUH-SOY_DUH-HAM,ACT-DUH-6_DUH-TRY-6_DUH-NAN-6_DUH-MOP-6_DUH-SOY-6_DUH-HAM-6,ACT-6_TRY-6_NAN-6_MOP-6_SOY-6_HAM-6
YAY-8,YAY,8,449.08472,-78.888598,24.9626,AMP_BAM_CAB_HAY_JAR_SAW_SEX_TAR,AMP-YAY_BAM-YAY_CAB-YAY_HAY-YAY_JAR-YAY_SAW-YAY_SEX-YAY_TAR-YAY,AMP-YAY-8_BAM-YAY-8_HAY-YAY-8_JAR-YAY-8_SAW-YAY-8_SEX-YAY-8_TAR-YAY-8_CAB-YAY-10,AMP-8_BAM-8_HAY-8_JAR-8_SAW-8_SEX-8_TAR-8_CAB-10
FOG-14,FOG,6,384.621758,-25.471226,156.394278,TAU_LAW_TRY_RIB_SOY_OLD,FOG-TAU_FOG-LAW_FOG-TRY_FOG-RIB_FOG-SOY_FOG-OLD,FOG-TAU-14_FOG-LAW-14_FOG-RIB-14_FOG-OLD-14_FOG-TAU-6_FOG-TRY-6_FOG-RIB-6_FOG-SOY-6,TAU-14_LAW-14_RIB-14_OLD-14_TAU-6_TRY-6_RIB-6_SOY-6
KEY-12,KEY,9,327.356785,-117.664221,89.596648,FIG_GOO_WOW_NOR_SAD_WIG,FIG-KEY_GOO-KEY_KEY-WOW_KEY-NOR_KEY-SAD_KEY-WIG,FIG-KEY-12_GOO-KEY-12_KEY-NOR-12_KEY-WOW-9_KEY-NOR-9_KEY-WIG-9_KEY-SAD-9,FIG-12_GOO-12_NOR-12_WOW-9_NOR-9_WIG-9_SAD-10
WAX-3,WAX,3,335.512218,112.769001,-17.174624,AIM_GUT_HEX_LID_MIX_MOM_SIP,AIM-WAX_GUT-WAX_HEX-WAX_LID-WAX_MIX-WAX_MOM-WAX_SIP-WAX,AIM-WAX-3_GUT-WAX-3_HEX-WAX-3_LID-WAX-3_MIX-WAX-3_MOM-WAX-3_SIP-WAX-3,AIM-3_GUT-3_HEX-3_LID-3_MIX-3_MOM-3_SIP-3
ERA-14,ERA,6,410.282642,14.139188,139.939988,AHI_IRE_JUG_RIB_YES_SOY_NIL_GIG_PLY_LAW,AHI-ERA_ERA-IRE_ERA-JUG_ERA-RIB_ERA-YES_ERA-SOY_ERA-NIL_ERA-GIG_ERA-PLY_ERA-LAW,ERA-IRE-14_ERA-RIB-14_ERA-GIG-14_ERA-LAW-14_AHI-ERA-7_ERA-IRE-7_ERA-YES-7_ERA-NIL-7_ERA-JUG-6_ERA-RIB-6_ERA-SOY-6_ERA-PLY-6,IRE-14_RIB-14_GIG-14_LAW-14_AHI-7_IRE-7_YES-7_NIL-7_JUG-6_RIB-6_SOY-6_PLY-6
MAC-7,MAC,7,464.704241,0.796896,127.661004,AIR_FIX_GIG_IRE_POP_YES,AIR-MAC_FIX-MAC_GIG-MAC_IRE-MAC_MAC-POP_MAC-YES,AIR-MAC-11_FIX-MAC-11_GIG-MAC-11_FIX-MAC-7_IRE-MAC-7_MAC-POP-7_MAC-YES-7,AIR-11_FIX-11_GIG-11_FIX-7_IRE-7_POP-7_YES-7
NOR-12,NOR,9,320.690786,-91.782949,83.782217,ART_BUG_COY_ELK_FIG_GOO_KEY_KIT_WIG_WOW,ART-NOR_BUG-NOR_COY-NOR_ELK-NOR_FIG-NOR_GOO-NOR_KEY-NOR_KIT-NOR_NOR-WIG_NOR-WOW,ART-NOR-12_BUG-NOR-12_COY-NOR-12_FIG-NOR-12_GOO-NOR-12_KEY-NOR-12_COY-NOR-9_ELK-NOR-9_KEY-NOR-9_KIT-NOR-9_NOR-WIG-9_NOR-WOW-9,ART-12_BUG-12_COY-12_FIG-12_GOO-12_KEY-12_COY-9_ELK-9_KEY-9_KIT-9_WIG-9_WOW-9
NIX-1,NIX,1,416.162406,146.118196,6.598697,LEG_SPY_OVA_WHO_PIE,LEG-NIX_NIX-SPY_NIX-OVA_NIX-WHO_NIX-PIE,LEG-NIX-1_NIX-SPY-1_NIX-OVA-1_NIX-WHO-1_NIX-PIE-1,LEG-1_SPY-1_OVA-1_WHO-1_PIE-1
RIB-6,RIB,6,395.218839,0.298573,155.683107,ERA_FOG_IRE_JUG_LAW_SOY,ERA-RIB_FOG-RIB_IRE-RIB_JUG-RIB_LAW-RIB_RIB-SOY,ERA-RIB-14_FOG-RIB-14_IRE-RIB-14_LAW-RIB-14_ERA-RIB-6_FOG-RIB-6_JUG-RIB-6_RIB-SOY-6,ERA-14_FOG-14_IRE-14_LAW-14_ERA-6_FOG-6_JUG-6_SOY-6
BIO-1,BIO,1,463.012482,118.022659,68.285768,ARM_ELF_JOY_NOM_RAD_SPY,ARM-BIO_BIO-ELF_BIO-JOY_BIO-NOM_BIO-RAD_BIO-SPY,ARM-BIO-1_BIO-ELF-1_BIO-JOY-1_BIO-NOM-1_BIO-RAD-1_BIO-SPY-1,ARM-1_ELF-1_JOY-1_NOM-1_RAD-1_SPY-1
HUG-4,HUG,4,303.083397,17.23733,-12.135834,BOX_CUP_FLU_GYM_VAN_SIR_LID,BOX-HUG_CUP-HUG_FLU-HUG_GYM-HUG_HUG-VAN_HUG-SIR_HUG-LID,BOX-HUG-4_CUP-HUG-4_FLU-HUG-4_GYM-HUG-4_HUG-VAN-4_HUG-SIR-4_HUG-LID-4,BOX-4_CUP-4_FLU-4_GYM-4_VAN-4_SIR-9_LID-3
LAB-13,LAB,12,359.418586,-72.862199,140.166803,BUG_LAM_TAU_YAK_ZAP_OLD,BUG-LAB_LAB-LAM_LAB-TAU_LAB-YAK_LAB-ZAP_LAB-OLD,LAB-TAU-13_LAB-YAK-13_LAB-ZAP-13_LAB-OLD-13_BUG-LAB-12_LAB-LAM-12_LAB-YAK-12,TAU-13_YAK-13_ZAP-13_OLD-13_BUG-12_LAM-12_YAK-12
LAB-12,LAB,12,357.323257,-69.061548,140.0159,BUG_LAM_TAU_YAK_ZAP_OLD,BUG-LAB_LAB-LAM_LAB-TAU_LAB-YAK_LAB-ZAP_LAB-OLD,LAB-TAU-13_LAB-YAK-13_LAB-ZAP-13_LAB-OLD-13_BUG-LAB-12_LAB-LAM-12_LAB-YAK-12,TAU-13_YAK-13_ZAP-13_OLD-13_BUG-12_LAM-12_YAK-12
EYE-7,EYE,7,493.886178,14.45058,94.011663,ACE_GAS_SUN_FIX_IVY_POP,ACE-EYE_EYE-GAS_EYE-SUN_EYE-FIX_EYE-IVY_EYE-POP,ACE-EYE-7_EYE-SUN-7_EYE-FIX-7_EYE-IVY-7_EYE-POP-7_EYE-GAS-7,ACE-7_SUN-7_FIX-7_IVY-7_POP-7_GAS-11
OLD-13,OLD,14,397.719556,-65.718765,148.699391,EVE_FOG_HOT_LAB_LAW_LIE_TAU_ZAP,EVE-OLD_FOG-OLD_HOT-OLD_LAB-OLD_LAW-OLD_LIE-OLD_OLD-TAU_OLD-ZAP,HOT-OLD-13_LAB-OLD-13_LIE-OLD-13_OLD-TAU-13_OLD-ZAP-13_EVE-OLD-14_FOG-OLD-14_LAW-OLD-14_LIE-OLD-14_OLD-TAU-14,HOT-13_LAB-13_LIE-13_TAU-13_ZAP-13_EVE-14_FOG-14_LAW-14_LIE-14_TAU-14
GET-10,GET,10,385.322758,-141.540577,42.426796,CAB_COP_DAD_FOR_OAK_HIP_RUG_WOW_NEW,CAB-GET_COP-GET_DAD-GET_FOR-GET_GET-OAK_GET-HIP_GET-RUG_GET-WOW_GET-NEW,CAB-GET-10_COP-GET-10_DAD-GET-10_FOR-GET-10_GET-OAK-10_GET-HIP-10_GET-RUG-10_GET-WOW-10_GET-NEW-10,CAB-10_COP-10_DAD-10_FOR-10_OAK-10_HIP-10_RUG-10_WOW-10_NEW-10
OAK-10,OAK,10,414.997636,-149.22396,46.74352,CAB_DAD_FOR_GET_ROB,CAB-OAK_DAD-OAK_FOR-OAK_GET-OAK_OAK-ROB,CAB-OAK-10_DAD-OAK-10_FOR-OAK-10_GET-OAK-10_OAK-ROB-10,CAB-10_DAD-10_FOR-10_GET-10_ROB-10
FAX-11,FAX,11,449.475272,-54.441609,131.652682,AIR_COW_EVE_ZOO_LIE_GIG,AIR-FAX_COW-FAX_EVE-FAX_FAX-ZOO_FAX-LIE_FAX-GIG,AIR-FAX-11_COW-FAX-11_FAX-ZOO-11_FAX-LIE-11_FAX-GIG-11_EVE-FAX-14,AIR-11_COW-11_ZOO-11_LIE-11_GIG-11_EVE-14
MIX-3,MIX,3,314.231033,115.837784,17.883396,AGO_AIM_ALA_GUT_HEX_MOM_OAR_WAX,AGO-MIX_AIM-MIX_ALA-MIX_GUT-MIX_HEX-MIX_MIX-MOM_MIX-OAR_MIX-WAX,AGO-MIX-3_AIM-MIX-3_ALA-MIX-3_GUT-MIX-3_HEX-MIX-3_MIX-MOM-3_MIX-OAR-3_MIX-WAX-3,AGO-3_AIM-3_ALA-3_GUT-3_HEX-3_MOM-3_OAR-3_WAX-3
SEX-10,SEX,8,457.382956,-123.751375,59.968317,AMP_CAB_DAD_EAR_GEL_PHI_ROB_SAW_TAR_YAY,AMP-SEX_CAB-SEX_DAD-SEX_EAR-SEX_GEL-SEX_PHI-SEX_ROB-SEX_SAW-SEX_SEX-TAR_SEX-YAY,AMP-SEX-10_CAB-SEX-10_DAD-SEX-10_EAR-SEX-10_GEL-SEX-10_ROB-SEX-10_AMP-SEX-8_PHI-SEX-8_SAW-SEX-8_SEX-TAR-8_SEX-YAY-8,AMP-10_CAB-10_DAD-10_EAR-10_GEL-10_ROB-10_AMP-8_PHI-8_SAW-8_TAR-8_YAY-8
ETA-8,ETA,8,496.072226,-15.23781,26.953089,BAH_BAM_BOY_CIS_TUX_LUG_IVY_FOX_PAY_TAG_JAR_WIN,BAH-ETA_BAM-ETA_BOY-ETA_CIS-ETA_ETA-TUX_ETA-LUG_ETA-IVY_ETA-FOX_ETA-PAY_ETA-TAG_ETA-JAR_ETA-WIN,BAH-ETA-2_BOY-ETA-2_CIS-ETA-2_ETA-TUX-2_ETA-IVY-2_ETA-FOX-2_ETA-TAG-2_BAH-ETA-8_BAM-ETA-8_ETA-TUX-8_ETA-LUG-8_ETA-PAY-8_ETA-JAR-8_ETA-WIN-8,BAH-2_BOY-2_CIS-2_TUX-2_IVY-2_FOX-2_TAG-2_BAH-8_BAM-8_TUX-8_LUG-8_PAY-8_JAR-8_WIN-8
ACT-12,ACT,6,347.431764,-23.383274,125.895951,BUG_ASH_LAM_TRY_DUH_NAN_TAU_SOY_HAM_LAX,ACT-BUG_ACT-ASH_ACT-LAM_ACT-TRY_ACT-DUH_ACT-NAN_ACT-TAU_ACT-SOY_ACT-HAM_ACT-LAX,ACT-BUG-12_ACT-ASH-12_ACT-LAM-12_ACT-LAX-12_ACT-TRY-6_ACT-DUH-6_ACT-NAN-6_ACT-TAU-6_ACT-SOY-6_ACT-HAM-6_ACT-LAX-6,BUG-12_ASH-12_LAM-12_LAX-12_TRY-6_DUH-6_NAN-6_TAU-6_SOY-6_HAM-6_LAX-6
BRO-7,BRO,7,478.579209,71.550251,101.124098,ACE_ARM_WET_EON_HIT_NOM,ACE-BRO_ARM-BRO_BRO-WET_BRO-EON_BRO-HIT_BRO-NOM,ACE-BRO-7_BRO-WET-7_BRO-EON-7_BRO-HIT-7_BRO-NOM-7_ARM-BRO-1,ACE-7_WET-7_EON-7_HIT-7_NOM-7_ARM-1
ROB-10,ROB,10,438.374548,-143.049605,52.874599,AMP_CAB_DAD_GEL_OAK_SEX,AMP-ROB_CAB-ROB_DAD-ROB_GEL-ROB_OAK-ROB_ROB-SEX,AMP-ROB-10_CAB-ROB-10_DAD-ROB-10_GEL-ROB-10_OAK-ROB-10_ROB-SEX-10,AMP-10_CAB-10_DAD-10_GEL-10_OAK-10_SEX-10
RIB-14,RIB,6,397.32162,-2.738701,156.599737,ERA_FOG_IRE_JUG_LAW_SOY,ERA-RIB_FOG-RIB_IRE-RIB_JUG-RIB_LAW-RIB_RIB-SOY,ERA-RIB-14_FOG-RIB-14_IRE-RIB-14_LAW-RIB-14_ERA-RIB-6_FOG-RIB-6_JUG-RIB-6_RIB-SOY-6,ERA-14_FOG-14_IRE-14_LAW-14_ERA-6_FOG-6_JUG-6_SOY-6
COW-11,COW,11,457.301581,-56.842878,105.573605,AIR_KEG_WAS_ODD_LIE_LUG_FIX_EAR_GIG_TAR_ZOO_FAX,AIR-COW_COW-KEG_COW-WAS_COW-ODD_COW-LIE_COW-LUG_COW-FIX_COW-EAR_COW-GIG_COW-TAR_COW-ZOO_COW-FAX,AIR-COW-11_COW-KEG-11_COW-WAS-11_COW-ODD-11_COW-LIE-11_COW-LUG-11_COW-FIX-11_COW-EAR-11_COW-GIG-11_COW-TAR-11_COW-ZOO-11_COW-FAX-11,AIR-11_KEG-11_WAS-11_ODD-11_LIE-11_LUG-11_FIX-11_EAR-11_GIG-11_TAR-11_ZOO-11_FAX-11
NAN-6,NAN,6,339.892514,24.175913,119.429466,ACT_DUH_FAN_GIN_HAM_LAX_MOP_VOW_SOY_PLY_ZZZ,ACT-NAN_DUH-NAN_FAN-NAN_GIN-NAN_HAM-NAN_LAX-NAN_MOP-NAN_NAN-VOW_NAN-SOY_NAN-PLY_NAN-ZZZ,ACT-NAN-6_DUH-NAN-6_FAN-NAN-6_GIN-NAN-6_HAM-NAN-6_LAX-NAN-6_MOP-NAN-6_NAN-VOW-6_NAN-SOY-6_NAN-PLY-6_NAN-ZZZ-6,ACT-6_DUH-6_FAN-6_GIN-6_HAM-6_LAX-6_MOP-6_VOW-6_SOY-6_PLY-6_ZZZ-6
ELF-1,ELF,1,439.137455,109.442914,76.662489,ADO_ARM_BIO_DUB_WET_SPY_PIE_GAL_WAR_RAD_HOW_NOM,ADO-ELF_ARM-ELF_BIO-ELF_DUB-ELF_ELF-WET_ELF-SPY_ELF-PIE_ELF-GAL_ELF-WAR_ELF-RAD_ELF-HOW_ELF-NOM,ARM-ELF-1_BIO-ELF-1_DUB-ELF-1_ELF-WET-1_ELF-SPY-1_ELF-PIE-1_ELF-GAL-1_ELF-WAR-1_ELF-RAD-1_ELF-HOW-1_ELF-NOM-1_ADO-ELF-5,ARM-1_BIO-1_DUB-1_WET-1_SPY-1_PIE-1_GAL-1_WAR-1_RAD-1_HOW-1_NOM-1_ADO-5
HEX-3,HEX,3,338.718731,138.017487,4.407494,GUT_SIP_MAY_WAX_MIX,GUT-HEX_HEX-SIP_HEX-MAY_HEX-WAX_HEX-MIX,GUT-HEX-3_HEX-SIP-3_HEX-MAY-3_HEX-WAX-3_HEX-MIX-3,GUT-3_SIP-3_MAY-3_WAX-3_MIX-3
KEG-8,KEG,8,482.373512,-60.781483,85.103488,COW_WHY_ODD_TAR_WAS_LUG,COW-KEG_KEG-WHY_KEG-ODD_KEG-TAR_KEG-WAS_KEG-LUG,COW-KEG-11_KEG-ODD-11_KEG-TAR-11_KEG-WAS-11_KEG-LUG-11_KEG-WHY-8_KEG-TAR-8_KEG-LUG-8,COW-11_ODD-11_TAR-11_WAS-11_LUG-11_WHY-8_TAR-8_LUG-8
DAY-4,DAY,4,301.809095,29.411628,51.557157,BED_CUP_TAX_PAW_SAY_ZIG_GIN_GYM,BED-DAY_CUP-DAY_DAY-TAX_DAY-PAW_DAY-SAY_DAY-ZIG_DAY-GIN_DAY-GYM,BED-DAY-4_CUP-DAY-4_DAY-TAX-4_DAY-PAW-4_DAY-SAY-4_DAY-ZIG-4_DAY-GIN-4_DAY-GYM-4,BED-4_CUP-4_TAX-4_PAW-4_SAY-4_ZIG-4_GIN-4_GYM-4
CAB-10,CAB,10,422.492972,-123.362285,40.157299,AMP_ROB_DAD_YAY_OAK_GET_SEX,AMP-CAB_CAB-ROB_CAB-DAD_CAB-YAY_CAB-OAK_CAB-GET_CAB-SEX,AMP-CAB-10_CAB-ROB-10_CAB-DAD-10_CAB-OAK-10_CAB-GET-10_CAB-SEX-10_CAB-YAY-10,AMP-10_ROB-10_DAD-10_OAK-10_GET-10_SEX-10_YAY-8
RUM-3,RUM,5,374.68917,134.971093,48.607763,FEW_GUT_HOW_INK_MAY_OIL_PIE_REF_SHY_SIP,FEW-RUM_GUT-RUM_HOW-RUM_INK-RUM_MAY-RUM_OIL-RUM_PIE-RUM_REF-RUM_RUM-SHY_RUM-SIP,GUT-RUM-3_INK-RUM-3_MAY-RUM-3_OIL-RUM-3_RUM-SIP-3_HOW-RUM-5_OIL-RUM-5_REF-RUM-5_RUM-SHY-5_PIE-RUM-1,GUT-3_INK-3_MAY-3_OIL-3_SIP-3_HOW-5_OIL-5_REF-5_SHY-5_PIE-1
FIG-12,FIG,12,327.593674,-94.801302,111.434628,ART_BUG_KEY_GOO_NOR_YAK,ART-FIG_BUG-FIG_FIG-KEY_FIG-GOO_FIG-NOR_FIG-YAK,ART-FIG-12_BUG-FIG-12_FIG-KEY-12_FIG-GOO-12_FIG-NOR-12_FIG-YAK-12,ART-12_BUG-12_KEY-12_GOO-12_NOR-12_YAK-12
GAL-1,GAL,1,421.532164,133.213048,76.233488,ELF_FEW_PIE_HOW_WAR_RAD,ELF-GAL_FEW-GAL_GAL-PIE_GAL-HOW_GAL-WAR_GAL-RAD,ELF-GAL-1_GAL-PIE-1_GAL-HOW-1_GAL-WAR-1_GAL-RAD-1,ELF-1_PIE-1_HOW-1_WAR-1_RAD-1
GOO-13,GOO,12,354.688067,-113.451741,104.890951,ALL_BUG_FIG_PRO_ZAP_YAK_RUG_NOR_KEY_SAD_PIG_WOW,ALL-GOO_BUG-GOO_FIG-GOO_GOO-PRO_GOO-ZAP_GOO-YAK_GOO-RUG_GOO-NOR_GOO-KEY_GOO-SAD_GOO-PIG_GOO-WOW,ALL-GOO-10_GOO-RUG-10_GOO-SAD-10_GOO-PIG-10_GOO-WOW-10_GOO-PRO-13_GOO-ZAP-13_GOO-YAK-13_GOO-PIG-13_BUG-GOO-12_FIG-GOO-12_GOO-YAK-12_GOO-NOR-12_GOO-KEY-12,ALL-10_RUG-10_SAD-10_PIG-10_WOW-10_PRO-13_ZAP-13_YAK-13_PIG-13_BUG-12_FIG-12_YAK-12_NOR-12_KEY-12
GOO-12,GOO,12,352.592737,-109.651089,104.740048,ALL_BUG_FIG_PRO_ZAP_YAK_RUG_NOR_KEY_SAD_PIG_WOW,ALL-GOO_BUG-GOO_FIG-GOO_GOO-PRO_GOO-ZAP_GOO-YAK_GOO-RUG_GOO-NOR_GOO-KEY_GOO-SAD_GOO-PIG_GOO-WOW,ALL-GOO-10_GOO-RUG-10_GOO-SAD-10_GOO-PIG-10_GOO-WOW-10_GOO-PRO-13_GOO-ZAP-13_GOO-YAK-13_GOO-PIG-13_BUG-GOO-12_FIG-GOO-12_GOO-YAK-12_GOO-NOR-12_GOO-KEY-12,ALL-10_RUG-10_SAD-10_PIG-10_WOW-10_PRO-13_ZAP-13_YAK-13_PIG-13_BUG-12_FIG-12_YAK-12_NOR-12_KEY-12
GOO-10,GOO,12,355.108491,-117.188085,103.526042,ALL_BUG_FIG_PRO_ZAP_YAK_RUG_NOR_KEY_SAD_PIG_WOW,ALL-GOO_BUG-GOO_FIG-GOO_GOO-PRO_GOO-ZAP_GOO-YAK_GOO-RUG_GOO-NOR_GOO-KEY_GOO-SAD_GOO-PIG_GOO-WOW,ALL-GOO-10_GOO-RUG-10_GOO-SAD-10_GOO-PIG-10_GOO-WOW-10_GOO-PRO-13_GOO-ZAP-13_GOO-YAK-13_GOO-PIG-13_BUG-GOO-12_FIG-GOO-12_GOO-YAK-12_GOO-NOR-12_GOO-KEY-12,ALL-10_RUG-10_SAD-10_PIG-10_WOW-10_PRO-13_ZAP-13_YAK-13_PIG-13_BUG-12_FIG-12_YAK-12_NOR-12_KEY-12
ZOO-11,ZOO,11,450.140148,-80.46074,123.65244,COW_EAR_FAX_JAM_LIE_WAS,COW-ZOO_EAR-ZOO_FAX-ZOO_JAM-ZOO_LIE-ZOO_WAS-ZOO,COW-ZOO-11_EAR-ZOO-11_FAX-ZOO-11_JAM-ZOO-11_LIE-ZOO-11_WAS-ZOO-11,COW-11_EAR-11_FAX-11_JAM-11_LIE-11_WAS-11
AIM-3,AIM,3,311.146974,94.48207,-14.170488,MOM_LID_EGO_WAX_MIX,AIM-MOM_AIM-LID_AIM-EGO_AIM-WAX_AIM-MIX,AIM-MOM-3_AIM-LID-3_AIM-EGO-3_AIM-WAX-3_AIM-MIX-3,MOM-3_LID-3_EGO-3_WAX-3_MIX-3
CIS-2,CIS,2,481.869722,11.136105,-5.020168,BAH_BAM_BOY_ORC_ETA_TAG_OFF,BAH-CIS_BAM-CIS_BOY-CIS_CIS-ORC_CIS-ETA_CIS-TAG_CIS-OFF,BAH-CIS-2_BOY-CIS-2_CIS-ORC-2_CIS-ETA-2_CIS-TAG-2_CIS-OFF-2_BAM-CIS-8,BAH-2_BOY-2_ORC-2_ETA-2_TAG-2_OFF-2_BAM-8
MOP-6,MOP,6,355.39646,31.499951,141.675366,DUH_FAN_JUG_SOY_NAN_PLY,DUH-MOP_FAN-MOP_JUG-MOP_MOP-SOY_MOP-NAN_MOP-PLY,DUH-MOP-6_FAN-MOP-6_JUG-MOP-6_MOP-SOY-6_MOP-NAN-6_MOP-PLY-6,DUH-6_FAN-6_JUG-6_SOY-6_NAN-6_PLY-6
EAR-11,EAR,10,444.261314,-101.839055,102.237147,COW_DAD_MOO_GEL_PIG_LIE_JAM_WAS_ZOO_SEX_TAR_PHI,COW-EAR_DAD-EAR_EAR-MOO_EAR-GEL_EAR-PIG_EAR-LIE_EAR-JAM_EAR-WAS_EAR-ZOO_EAR-SEX_EAR-TAR_EAR-PHI,COW-EAR-11_EAR-LIE-11_EAR-JAM-11_EAR-WAS-11_EAR-ZOO-11_EAR-TAR-11_EAR-PHI-11_DAD-EAR-10_EAR-MOO-10_EAR-GEL-10_EAR-PIG-10_EAR-SEX-10,COW-11_LIE-11_JAM-11_WAS-11_ZOO-11_TAR-11_PHI-11_DAD-10_MOO-10_GEL-10_PIG-10_SEX-10
IRE-14,IRE,7,433.000879,-3.699048,146.393602,AHI_ERA_EVE_GIG_YES_MAC_LAW_RIB,AHI-IRE_ERA-IRE_EVE-IRE_GIG-IRE_IRE-YES_IRE-MAC_IRE-LAW_IRE-RIB,ERA-IRE-14_EVE-IRE-14_GIG-IRE-14_IRE-LAW-14_IRE-RIB-14_AHI-IRE-7_ERA-IRE-7_IRE-YES-7_IRE-MAC-7,ERA-14_EVE-14_GIG-14_LAW-14_RIB-14_AHI-7_ERA-7_YES-7_MAC-7
SAW-8,SAW,8,473.720522,-86.467309,41.499793,AMP_HAY_JAR_PHI_TAR_SEX_YAY_WHY,AMP-SAW_HAY-SAW_JAR-SAW_PHI-SAW_SAW-TAR_SAW-SEX_SAW-YAY_SAW-WHY,AMP-SAW-8_HAY-SAW-8_JAR-SAW-8_PHI-SAW-8_SAW-TAR-8_SAW-SEX-8_SAW-YAY-8_SAW-WHY-8,AMP-8_HAY-8_JAR-8_PHI-8_TAR-8_SEX-8_YAY-8_WHY-8
WAR-1,WAR,5,420.831075,118.113345,98.027143,ADO_BOA_DUB_ELF_GAL_HOW,ADO-WAR_BOA-WAR_DUB-WAR_ELF-WAR_GAL-WAR_HOW-WAR,DUB-WAR-1_ELF-WAR-1_GAL-WAR-1_HOW-WAR-1_ADO-WAR-5_BOA-WAR-5_DUB-WAR-5_HOW-WAR-5,DUB-1_ELF-1_GAL-1_HOW-1_ADO-5_BOA-5_DUB-5_HOW-5
CUP-4,CUP,4,294.394846,1.157093,21.321165,AGE_BAR_BED_VAN_DOG_DAY_FLU_HUG_SIR_GYM_PAW,AGE-CUP_BAR-CUP_BED-CUP_CUP-VAN_CUP-DOG_CUP-DAY_CUP-FLU_CUP-HUG_CUP-SIR_CUP-GYM_CUP-PAW,BAR-CUP-4_BED-CUP-4_CUP-VAN-4_CUP-DOG-4_CUP-DAY-4_CUP-FLU-4_CUP-HUG-4_CUP-GYM-4_CUP-PAW-4_AGE-CUP-9_CUP-SIR-4,BAR-4_BED-4_VAN-4_DOG-4_DAY-4_FLU-4_HUG-4_GYM-4_PAW-4_AGE-9_SIR-9
WAR-5,WAR,5,418.555622,116.699445,101.089805,ADO_BOA_DUB_ELF_GAL_HOW,ADO-WAR_BOA-WAR_DUB-WAR_ELF-WAR_GAL-WAR_HOW-WAR,DUB-WAR-1_ELF-WAR-1_GAL-WAR-1_HOW-WAR-1_ADO-WAR-5_BOA-WAR-5_DUB-WAR-5_HOW-WAR-5,DUB-1_ELF-1_GAL-1_HOW-1_ADO-5_BOA-5_DUB-5_HOW-5
SOY-6,SOY,6,371.274993,5.881377,140.830354,ACT_DUH_ERA_FOG_JUG_LAW_MOP_NAN_PLY_RIB_TRY_TAU,ACT-SOY_DUH-SOY_ERA-SOY_FOG-SOY_JUG-SOY_LAW-SOY_MOP-SOY_NAN-SOY_PLY-SOY_RIB-SOY_SOY-TRY_SOY-TAU,ACT-SOY-6_DUH-SOY-6_ERA-SOY-6_FOG-SOY-6_JUG-SOY-6_MOP-SOY-6_NAN-SOY-6_PLY-SOY-6_RIB-SOY-6_SOY-TRY-6_SOY-TAU-6_LAW-SOY-14,ACT-6_DUH-6_ERA-6_FOG-6_JUG-6_MOP-6_NAN-6_PLY-6_RIB-6_TRY-6_TAU-6_LAW-14
AGE-9,AGE,9,306.000157,-39.935336,36.415019,KIT_BED_CHI_DOG_COY_BAR_SIR_CUP_ONO_ELK,AGE-KIT_AGE-BED_AGE-CHI_AGE-DOG_AGE-COY_AGE-BAR_AGE-SIR_AGE-CUP_AGE-ONO_AGE-ELK,AGE-KIT-9_AGE-BED-9_AGE-CHI-9_AGE-DOG-9_AGE-COY-9_AGE-BAR-9_AGE-SIR-9_AGE-ONO-9_AGE-ELK-9_AGE-CUP-9,KIT-9_BED-9_CHI-9_DOG-9_COY-9_BAR-9_SIR-9_ONO-9_ELK-9_CUP-4
ART-12,ART,12,311.296377,-59.37151,104.335168,COY_FIG_KIT_ASH_MAD_LAX_NOR_BUG,ART-COY_ART-FIG_ART-KIT_ART-ASH_ART-MAD_ART-LAX_ART-NOR_ART-BUG,ART-COY-12_ART-FIG-12_ART-ASH-12_ART-MAD-12_ART-LAX-12_ART-NOR-12_ART-BUG-12_ART-KIT-12,COY-12_FIG-12_ASH-12_MAD-12_LAX-12_NOR-12_BUG-12_KIT-9
ZIG-4,ZIG,4,284.362154,48.849508,47.070983,DAY_GYM_OAR_PAW_SAY_TAX,DAY-ZIG_GYM-ZIG_OAR-ZIG_PAW-ZIG_SAY-ZIG_TAX-ZIG,DAY-ZIG-4_GYM-ZIG-4_PAW-ZIG-4_SAY-ZIG-4_TAX-ZIG-4_OAR-ZIG-3,DAY-4_GYM-4_PAW-4_SAY-4_TAX-4_OAR-3
GUN-1,GUN,2,476.76214,86.177837,27.2939,ASK_DIG_DUI_FRO_JOY_RAW_WHO_OFF_NOM_SPY_TAG_TUB,ASK-GUN_DIG-GUN_DUI-GUN_FRO-GUN_GUN-JOY_GUN-RAW_GUN-WHO_GUN-OFF_GUN-NOM_GUN-SPY_GUN-TAG_GUN-TUB,FRO-GUN-1_GUN-JOY-1_GUN-RAW-1_GUN-WHO-1_GUN-NOM-1_GUN-SPY-1_ASK-GUN-2_DIG-GUN-2_DUI-GUN-2_GUN-OFF-2_GUN-NOM-2_GUN-TAG-2_GUN-TUB-2,FRO-1_JOY-1_RAW-1_WHO-1_NOM-1_SPY-1_ASK-2_DIG-2_DUI-2_OFF-2_NOM-2_TAG-2_TUB-2
BED-9,BED,9,301.346296,-10.61576,64.657222,AGE_ICE_DOG_COY_MAD_SAY_GIN_CHI_PAW_CUP_LAX_DAY,AGE-BED_BED-ICE_BED-DOG_BED-COY_BED-MAD_BED-SAY_BED-GIN_BED-CHI_BED-PAW_BED-CUP_BED-LAX_BED-DAY,BED-COY-12_BED-MAD-12_BED-LAX-12_BED-ICE-4_BED-DOG-4_BED-SAY-4_BED-GIN-4_BED-PAW-4_BED-CUP-4_BED-DAY-4_AGE-BED-9_BED-DOG-9_BED-COY-9_BED-CHI-9,COY-12_MAD-12_LAX-12_ICE-4_DOG-4_SAY-4_GIN-4_PAW-4_CUP-4_DAY-4_AGE-9_DOG-9_COY-9_CHI-9
PAY-8,PAY,8,500.843369,-40.152891,43.481218,ETA_JAR_LUG_TUX_WHY_WIN,ETA-PAY_JAR-PAY_LUG-PAY_PAY-TUX_PAY-WHY_PAY-WIN,ETA-PAY-8_JAR-PAY-8_LUG-PAY-8_PAY-TUX-8_PAY-WHY-8_PAY-WIN-8,ETA-8_JAR-8_LUG-8_TUX-8_WHY-8_WIN-8
LIE-13,LIE,14,419.87194,-73.419,129.055096,COW_EAR_EVE_FAX_GIG_HOT_JAM_LAW_ZAP_OLD_TAU_PIG_ZOO,COW-LIE_EAR-LIE_EVE-LIE_FAX-LIE_GIG-LIE_HOT-LIE_JAM-LIE_LAW-LIE_LIE-ZAP_LIE-OLD_LIE-TAU_LIE-PIG_LIE-ZOO,COW-LIE-11_EAR-LIE-11_FAX-LIE-11_GIG-LIE-11_JAM-LIE-11_LIE-ZOO-11_HOT-LIE-13_JAM-LIE-13_LIE-ZAP-13_LIE-OLD-13_LIE-TAU-13_LIE-PIG-13_EVE-LIE-14_GIG-LIE-14_LAW-LIE-14_LIE-OLD-14_LIE-TAU-14,COW-11_EAR-11_FAX-11_GIG-11_JAM-11_ZOO-11_HOT-13_JAM-13_ZAP-13_OLD-13_TAU-13_PIG-13_EVE-14_GIG-14_LAW-14_OLD-14_TAU-14
PHI-11,PHI,8,468.574683,-103.208547,83.329189,EAR_GEL_TAR_WAS_SEX_SAW,EAR-PHI_GEL-PHI_PHI-TAR_PHI-WAS_PHI-SEX_PHI-SAW,EAR-PHI-11_PHI-TAR-11_PHI-WAS-11_PHI-TAR-8_PHI-SEX-8_PHI-SAW-8_GEL-PHI-10,EAR-11_TAR-11_WAS-11_TAR-8_SEX-8_SAW-8_GEL-10
LIE-11,LIE,14,421.917819,-71.5737,130.151519,COW_EAR_EVE_FAX_GIG_HOT_JAM_LAW_ZAP_OLD_TAU_PIG_ZOO,COW-LIE_EAR-LIE_EVE-LIE_FAX-LIE_GIG-LIE_HOT-LIE_JAM-LIE_LAW-LIE_LIE-ZAP_LIE-OLD_LIE-TAU_LIE-PIG_LIE-ZOO,COW-LIE-11_EAR-LIE-11_FAX-LIE-11_GIG-LIE-11_JAM-LIE-11_LIE-ZOO-11_HOT-LIE-13_JAM-LIE-13_LIE-ZAP-13_LIE-OLD-13_LIE-TAU-13_LIE-PIG-13_EVE-LIE-14_GIG-LIE-14_LAW-LIE-14_LIE-OLD-14_LIE-TAU-14,COW-11_EAR-11_FAX-11_GIG-11_JAM-11_ZOO-11_HOT-13_JAM-13_ZAP-13_OLD-13_TAU-13_PIG-13_EVE-14_GIG-14_LAW-14_OLD-14_TAU-14
HAY-8,HAY,8,474.993548,-66.909018,10.842986,BAM_JAR_WIN_YAY_SAW,BAM-HAY_HAY-JAR_HAY-WIN_HAY-YAY_HAY-SAW,BAM-HAY-8_HAY-JAR-8_HAY-WIN-8_HAY-YAY-8_HAY-SAW-8,BAM-8_JAR-8_WIN-8_YAY-8_SAW-8
BED-4,BED,9,300.035084,-6.740937,65.18504,AGE_ICE_DOG_COY_MAD_SAY_GIN_CHI_PAW_CUP_LAX_DAY,AGE-BED_BED-ICE_BED-DOG_BED-COY_BED-MAD_BED-SAY_BED-GIN_BED-CHI_BED-PAW_BED-CUP_BED-LAX_BED-DAY,BED-COY-12_BED-MAD-12_BED-LAX-12_BED-ICE-4_BED-DOG-4_BED-SAY-4_BED-GIN-4_BED-PAW-4_BED-CUP-4_BED-DAY-4_AGE-BED-9_BED-DOG-9_BED-COY-9_BED-CHI-9,COY-12_MAD-12_LAX-12_ICE-4_DOG-4_SAY-4_GIN-4_PAW-4_CUP-4_DAY-4_AGE-9_DOG-9_COY-9_CHI-9
NOR-9,NOR,9,320.238063,-92.042988,79.816435,ART_BUG_COY_ELK_FIG_GOO_KEY_KIT_WIG_WOW,ART-NOR_BUG-NOR_COY-NOR_ELK-NOR_FIG-NOR_GOO-NOR_KEY-NOR_KIT-NOR_NOR-WIG_NOR-WOW,ART-NOR-12_BUG-NOR-12_COY-NOR-12_FIG-NOR-12_GOO-NOR-12_KEY-NOR-12_COY-NOR-9_ELK-NOR-9_KEY-NOR-9_KIT-NOR-9_NOR-WIG-9_NOR-WOW-9,ART-12_BUG-12_COY-12_FIG-12_GOO-12_KEY-12_COY-9_ELK-9_KEY-9_KIT-9_WIG-9_WOW-9
GYM-4,GYM,4,294.533768,47.48437,17.103746,BOX_CUP_DAY_EGO_VAN_TAX_OAR_PAW_HUG_MOM_ZIG_LID,BOX-GYM_CUP-GYM_DAY-GYM_EGO-GYM_GYM-VAN_GYM-TAX_GYM-OAR_GYM-PAW_GYM-HUG_GYM-MOM_GYM-ZIG_GYM-LID,EGO-GYM-3_GYM-TAX-3_GYM-OAR-3_GYM-MOM-3_GYM-LID-3_BOX-GYM-4_CUP-GYM-4_DAY-GYM-4_GYM-VAN-4_GYM-TAX-4_GYM-PAW-4_GYM-HUG-4_GYM-ZIG-4,EGO-3_TAX-3_OAR-3_MOM-3_LID-3_BOX-4_CUP-4_DAY-4_VAN-4_TAX-4_PAW-4_HUG-4_ZIG-4
GYM-3,GYM,4,295.22828,51.880083,16.288432,BOX_CUP_DAY_EGO_VAN_TAX_OAR_PAW_HUG_MOM_ZIG_LID,BOX-GYM_CUP-GYM_DAY-GYM_EGO-GYM_GYM-VAN_GYM-TAX_GYM-OAR_GYM-PAW_GYM-HUG_GYM-MOM_GYM-ZIG_GYM-LID,EGO-GYM-3_GYM-TAX-3_GYM-OAR-3_GYM-MOM-3_GYM-LID-3_BOX-GYM-4_CUP-GYM-4_DAY-GYM-4_GYM-VAN-4_GYM-TAX-4_GYM-PAW-4_GYM-HUG-4_GYM-ZIG-4,EGO-3_TAX-3_OAR-3_MOM-3_LID-3_BOX-4_CUP-4_DAY-4_VAN-4_TAX-4_PAW-4_HUG-4_ZIG-4
BOY-2,BOY,2,504.964387,11.400891,9.055196,BAH_FOX_ETA_TAG_CIS_ORC,BAH-BOY_BOY-FOX_BOY-ETA_BOY-TAG_BOY-CIS_BOY-ORC,BAH-BOY-2_BOY-FOX-2_BOY-ETA-2_BOY-TAG-2_BOY-CIS-2_BOY-ORC-2,BAH-2_FOX-2_ETA-2_TAG-2_CIS-2_ORC-2
IVY-7,IVY,7,490.155535,11.051227,65.060005,ACE_DUI_ETA_EYE_FIX_FOX_GAS_TUX_SUN_SKY_LUG_TAG,ACE-IVY_DUI-IVY_ETA-IVY_EYE-IVY_FIX-IVY_FOX-IVY_GAS-IVY_IVY-TUX_IVY-SUN_IVY-SKY_IVY-LUG_IVY-TAG,DUI-IVY-2_ETA-IVY-2_FOX-IVY-2_IVY-TUX-2_IVY-SUN-2_IVY-SKY-2_IVY-TAG-2_ACE-IVY-7_EYE-IVY-7_FIX-IVY-7_IVY-SUN-7_GAS-IVY-11_IVY-LUG-7,DUI-2_ETA-2_FOX-2_TUX-2_SUN-2_SKY-2_TAG-2_ACE-7_EYE-7_FIX-7_SUN-7_GAS-11_LUG-8
RUG-10,RUG,10,376.612491,-147.143886,83.759744,ALL_DAD_EGG_FOR_GET_GOO_HIP_PIG_SAD_WOW,ALL-RUG_DAD-RUG_EGG-RUG_FOR-RUG_GET-RUG_GOO-RUG_HIP-RUG_PIG-RUG_RUG-SAD_RUG-WOW,ALL-RUG-10_DAD-RUG-10_EGG-RUG-10_FOR-RUG-10_GET-RUG-10_GOO-RUG-10_HIP-RUG-10_PIG-RUG-10_RUG-SAD-10_RUG-WOW-10,ALL-10_DAD-10_EGG-10_FOR-10_GET-10_GOO-10_HIP-10_PIG-10_SAD-10_WOW-10
SIR-9,SIR,9,311.374033,-37.468859,-4.185552,AGE_BAR_CUP_ELK_FLU_HUG_ONO_TAT,AGE-SIR_BAR-SIR_CUP-SIR_ELK-SIR_FLU-SIR_HUG-SIR_ONO-SIR_SIR-TAT,AGE-SIR-9_BAR-SIR-9_ELK-SIR-9_ONO-SIR-9_SIR-TAT-9_CUP-SIR-4_FLU-SIR-4_HUG-SIR-4,AGE-9_BAR-9_ELK-9_ONO-9_TAT-9_CUP-4_FLU-4_HUG-4
NOM-1,NOM,7,471.049445,89.405434,69.269584,ACE_ARM_BIO_BRO_DIG_DUI_ELF_GUN_HIT_JOY_WET_SPY,ACE-NOM_ARM-NOM_BIO-NOM_BRO-NOM_DIG-NOM_DUI-NOM_ELF-NOM_GUN-NOM_HIT-NOM_JOY-NOM_NOM-WET_NOM-SPY,ARM-NOM-1_BIO-NOM-1_ELF-NOM-1_GUN-NOM-1_JOY-NOM-1_NOM-WET-1_NOM-SPY-1_DIG-NOM-2_DUI-NOM-2_GUN-NOM-2_HIT-NOM-2_ACE-NOM-7_BRO-NOM-7_HIT-NOM-7_NOM-WET-7,ARM-1_BIO-1_ELF-1_GUN-1_JOY-1_WET-1_SPY-1_DIG-2_DUI-2_GUN-2_HIT-2_ACE-7_BRO-7_HIT-7_WET-7
TAU-14,TAU,6,375.243698,-46.66534,139.178258,ACT_BUG_FOG_LAB_LAM_LAW_LIE_OLD_SOY_TRY_ZAP,ACT-TAU_BUG-TAU_FOG-TAU_LAB-TAU_LAM-TAU_LAW-TAU_LIE-TAU_OLD-TAU_SOY-TAU_TAU-TRY_TAU-ZAP,LAB-TAU-13_LIE-TAU-13_OLD-TAU-13_TAU-ZAP-13_FOG-TAU-14_LAW-TAU-14_LIE-TAU-14_OLD-TAU-14_ACT-TAU-6_FOG-TAU-6_SOY-TAU-6_TAU-TRY-6_BUG-TAU-12_LAM-TAU-12,LAB-13_LIE-13_OLD-13_ZAP-13_FOG-14_LAW-14_LIE-14_OLD-14_ACT-6_FOG-6_SOY-6_TRY-6_BUG-12_LAM-12
FLU-4,FLU,4,289.818992,-7.626168,-3.084427,BAR_CUP_HUG_SIR_VAN,BAR-FLU_CUP-FLU_FLU-HUG_FLU-SIR_FLU-VAN,BAR-FLU-4_CUP-FLU-4_FLU-HUG-4_FLU-VAN-4_FLU-SIR-4,BAR-4_CUP-4_HUG-4_VAN-4_SIR-9
FUN-5,FUN,5,354.76883,80.680363,124.277968,DRY_FAN_NAY_PLY_REF_VOW,DRY-FUN_FAN-FUN_FUN-NAY_FUN-PLY_FUN-REF_FUN-VOW,DRY-FUN-5_FUN-NAY-5_FUN-PLY-5_FUN-REF-5_FUN-VOW-5_FAN-FUN-6,DRY-5_NAY-5_PLY-5_REF-5_VOW-5_FAN-6
TAU-13,TAU,6,377.229816,-50.991251,138.086292,ACT_BUG_FOG_LAB_LAM_LAW_LIE_OLD_SOY_TRY_ZAP,ACT-TAU_BUG-TAU_FOG-TAU_LAB-TAU_LAM-TAU_LAW-TAU_LIE-TAU_OLD-TAU_SOY-TAU_TAU-TRY_TAU-ZAP,LAB-TAU-13_LIE-TAU-13_OLD-TAU-13_TAU-ZAP-13_FOG-TAU-14_LAW-TAU-14_LIE-TAU-14_OLD-TAU-14_ACT-TAU-6_FOG-TAU-6_SOY-TAU-6_TAU-TRY-6_BUG-TAU-12_LAM-TAU-12,LAB-13_LIE-13_OLD-13_ZAP-13_FOG-14_LAW-14_LIE-14_OLD-14_ACT-6_FOG-6_SOY-6_TRY-6_BUG-12_LAM-12
JAM-13,JAM,13,426.629918,-105.618695,126.920969,EAR_HOT_ZOO_PIG_LIE_MOO,EAR-JAM_HOT-JAM_JAM-ZOO_JAM-PIG_JAM-LIE_JAM-MOO,EAR-JAM-11_JAM-ZOO-11_JAM-LIE-11_HOT-JAM-13_JAM-PIG-13_JAM-LIE-13_JAM-MOO-13,EAR-11_ZOO-11_LIE-11_HOT-13_PIG-13_LIE-13_MOO-10
LAW-14,LAW,14,406.769853,-27.39158,143.542261,ERA_EVE_FOG_GIG_IRE_RIB_LIE_TAU_SOY_OLD,ERA-LAW_EVE-LAW_FOG-LAW_GIG-LAW_IRE-LAW_LAW-RIB_LAW-LIE_LAW-TAU_LAW-SOY_LAW-OLD,ERA-LAW-14_EVE-LAW-14_FOG-LAW-14_GIG-LAW-14_IRE-LAW-14_LAW-RIB-14_LAW-LIE-14_LAW-TAU-14_LAW-OLD-14_LAW-SOY-14,ERA-14_EVE-14_FOG-14_GIG-14_IRE-14_RIB-14_LIE-14_TAU-14_OLD-14_SOY-6
AIR-11,AIR,11,467.675739,-32.964382,121.542584,COW_GIG_ODD_MAC_FAX_FIX,AIR-COW_AIR-GIG_AIR-ODD_AIR-MAC_AIR-FAX_AIR-FIX,AIR-COW-11_AIR-GIG-11_AIR-ODD-11_AIR-MAC-11_AIR-FAX-11_AIR-FIX-11,COW-11_GIG-11_ODD-11_MAC-11_FAX-11_FIX-11
WHO-1,WHO,1,452.64691,110.138039,-6.21827,FRO_GUN_LEG_NIX_OFF_RAW_SPY,FRO-WHO_GUN-WHO_LEG-WHO_NIX-WHO_OFF-WHO_RAW-WHO_SPY-WHO,FRO-WHO-1_GUN-WHO-1_LEG-WHO-1_NIX-WHO-1_RAW-WHO-1_SPY-WHO-1_OFF-WHO-2,FRO-1_GUN-1_LEG-1_NIX-1_RAW-1_SPY-1_OFF-2
JOY-1,JOY,1,480.603684,107.834965,45.705938,BIO_DIG_GUN_NOM_SPY_RAW,BIO-JOY_DIG-JOY_GUN-JOY_JOY-NOM_JOY-SPY_JOY-RAW,BIO-JOY-1_GUN-JOY-1_JOY-NOM-1_JOY-SPY-1_JOY-RAW-1_DIG-JOY-2,BIO-1_GUN-1_NOM-1_SPY-1_RAW-1_DIG-2
HAM-6,HAM,6,318.424371,5.895952,120.830615,ACT_ASH_DUH_GIN_NAN_LAX_ZZZ_ICE,ACT-HAM_ASH-HAM_DUH-HAM_GIN-HAM_HAM-NAN_HAM-LAX_HAM-ZZZ_HAM-ICE,ACT-HAM-6_DUH-HAM-6_GIN-HAM-6_HAM-NAN-6_HAM-LAX-6_HAM-ZZZ-6_HAM-ICE-6_ASH-HAM-12,ACT-6_DUH-6_GIN-6_NAN-6_LAX-6_ZZZ-6_ICE-6_ASH-12
FIX-7,FIX,7,471.575365,-5.344422,100.238276,ACE_AIR_COW_EYE_MAC_ODD_POP_IVY_GAS_GIG_LUG_YES,ACE-FIX_AIR-FIX_COW-FIX_EYE-FIX_FIX-MAC_FIX-ODD_FIX-POP_FIX-IVY_FIX-GAS_FIX-GIG_FIX-LUG_FIX-YES,AIR-FIX-11_COW-FIX-11_FIX-MAC-11_FIX-ODD-11_FIX-GAS-11_FIX-GIG-11_FIX-LUG-11_ACE-FIX-7_EYE-FIX-7_FIX-MAC-7_FIX-POP-7_FIX-IVY-7_FIX-YES-7,AIR-11_COW-11_MAC-11_ODD-11_GAS-11_GIG-11_LUG-11_ACE-7_EYE-7_MAC-7_POP-7_IVY-7_YES-7
TAX-4,TAX,4,300.193554,69.171641,63.49328,AGO_DAY_FLY_GIN_GYM_MOM_OAR_OIL_SAY_WIZ_VOW_ZIG,AGO-TAX_DAY-TAX_FLY-TAX_GIN-TAX_GYM-TAX_MOM-TAX_OAR-TAX_OIL-TAX_SAY-TAX_TAX-WIZ_TAX-VOW_TAX-ZIG,AGO-TAX-3_FLY-TAX-3_GYM-TAX-3_MOM-TAX-3_OAR-TAX-3_OIL-TAX-3_DAY-TAX-4_GIN-TAX-4_GYM-TAX-4_SAY-TAX-4_TAX-WIZ-4_TAX-ZIG-4_TAX-VOW-4,AGO-3_FLY-3_GYM-3_MOM-3_OAR-3_OIL-3_DAY-4_GIN-4_GYM-4_SAY-4_WIZ-4_ZIG-4_VOW-6
TAU-6,TAU,6,373.140916,-43.628065,138.261629,ACT_BUG_FOG_LAB_LAM_LAW_LIE_OLD_SOY_TRY_ZAP,ACT-TAU_BUG-TAU_FOG-TAU_LAB-TAU_LAM-TAU_LAW-TAU_LIE-TAU_OLD-TAU_SOY-TAU_TAU-TRY_TAU-ZAP,LAB-TAU-13_LIE-TAU-13_OLD-TAU-13_TAU-ZAP-13_FOG-TAU-14_LAW-TAU-14_LIE-TAU-14_OLD-TAU-14_ACT-TAU-6_FOG-TAU-6_SOY-TAU-6_TAU-TRY-6_BUG-TAU-12_LAM-TAU-12,LAB-13_LIE-13_OLD-13_ZAP-13_FOG-14_LAW-14_LIE-14_OLD-14_ACT-6_FOG-6_SOY-6_TRY-6_BUG-12_LAM-12
BAH-8,BAH,8,493.978976,-19.324629,-1.400379,ETA_CIS_BOY_WIN_BAM,BAH-ETA_BAH-CIS_BAH-BOY_BAH-WIN_BAH-BAM,BAH-ETA-2_BAH-CIS-2_BAH-BOY-2_BAH-ETA-8_BAH-WIN-8_BAH-BAM-8,ETA-2_CIS-2_BOY-2_ETA-8_WIN-8_BAM-8
SPY-1,SPY,1,454.453997,124.343867,36.466235,BIO_ELF_GUN_JOY_LEG_NIX_NOM_OVA_PIE_RAD_RAW_WHO,BIO-SPY_ELF-SPY_GUN-SPY_JOY-SPY_LEG-SPY_NIX-SPY_NOM-SPY_OVA-SPY_PIE-SPY_RAD-SPY_RAW-SPY_SPY-WHO,BIO-SPY-1_ELF-SPY-1_GUN-SPY-1_JOY-SPY-1_LEG-SPY-1_NIX-SPY-1_NOM-SPY-1_OVA-SPY-1_PIE-SPY-1_RAD-SPY-1_RAW-SPY-1_SPY-WHO-1,BIO-1_ELF-1_GUN-1_JOY-1_LEG-1_NIX-1_NOM-1_OVA-1_PIE-1_RAD-1_RAW-1_WHO-1
TAX-3,TAX,4,300.888066,73.567355,62.677966,AGO_DAY_FLY_GIN_GYM_MOM_OAR_OIL_SAY_WIZ_VOW_ZIG,AGO-TAX_DAY-TAX_FLY-TAX_GIN-TAX_GYM-TAX_MOM-TAX_OAR-TAX_OIL-TAX_SAY-TAX_TAX-WIZ_TAX-VOW_TAX-ZIG,AGO-TAX-3_FLY-TAX-3_GYM-TAX-3_MOM-TAX-3_OAR-TAX-3_OIL-TAX-3_DAY-TAX-4_GIN-TAX-4_GYM-TAX-4_SAY-TAX-4_TAX-WIZ-4_TAX-ZIG-4_TAX-VOW-4,AGO-3_FLY-3_GYM-3_MOM-3_OAR-3_OIL-3_DAY-4_GIN-4_GYM-4_SAY-4_WIZ-4_ZIG-4_VOW-6
BAH-2,BAH,8,493.7051,-15.071302,-1.117679,ETA_CIS_BOY_WIN_BAM,BAH-ETA_BAH-CIS_BAH-BOY_BAH-WIN_BAH-BAM,BAH-ETA-2_BAH-CIS-2_BAH-BOY-2_BAH-ETA-8_BAH-WIN-8_BAH-BAM-8,ETA-2_CIS-2_BOY-2_ETA-8_WIN-8_BAM-8
RAD-1,RAD,1,442.110514,134.483141,60.480345,BIO_ELF_GAL_OVA_PIE_SPY,BIO-RAD_ELF-RAD_GAL-RAD_OVA-RAD_PIE-RAD_RAD-SPY,BIO-RAD-1_ELF-RAD-1_GAL-RAD-1_OVA-RAD-1_PIE-RAD-1_RAD-SPY-1,BIO-1_ELF-1_GAL-1_OVA-1_PIE-1_SPY-1
MOM-3,MOM,3,311.663527,88.999165,13.726255,AGO_AIM_EGO_GUT_GYM_LID_MIX_OAR_TAX_WAX,AGO-MOM_AIM-MOM_EGO-MOM_GUT-MOM_GYM-MOM_LID-MOM_MIX-MOM_MOM-OAR_MOM-TAX_MOM-WAX,AGO-MOM-3_AIM-MOM-3_EGO-MOM-3_GUT-MOM-3_GYM-MOM-3_LID-MOM-3_MIX-MOM-3_MOM-OAR-3_MOM-TAX-3_MOM-WAX-3,AGO-3_AIM-3_EGO-3_GUT-3_GYM-3_LID-3_MIX-3_OAR-3_TAX-3_WAX-3
CHI-9,CHI,9,294.002734,-38.577355,61.327482,AGE_BED_MAD_COY_DOG_KIT,AGE-CHI_BED-CHI_CHI-MAD_CHI-COY_CHI-DOG_CHI-KIT,AGE-CHI-9_BED-CHI-9_CHI-COY-9_CHI-DOG-9_CHI-KIT-9_CHI-MAD-9,AGE-9_BED-9_COY-9_DOG-9_KIT-9_MAD-12
BUG-12,BUG,12,337.445285,-65.033316,116.793246,ACT_ART_ASH_YAK_LAB_TAU_LAM_ZAP_NOR_LAX_COY_GOO_FIG,ACT-BUG_ART-BUG_ASH-BUG_BUG-YAK_BUG-LAB_BUG-TAU_BUG-LAM_BUG-ZAP_BUG-NOR_BUG-LAX_BUG-COY_BUG-GOO_BUG-FIG,ACT-BUG-12_ART-BUG-12_ASH-BUG-12_BUG-YAK-12_BUG-LAB-12_BUG-LAM-12_BUG-NOR-12_BUG-LAX-12_BUG-COY-12_BUG-GOO-12_BUG-FIG-12_BUG-TAU-12_BUG-ZAP-12,ACT-12_ART-12_ASH-12_YAK-12_LAB-12_LAM-12_NOR-12_LAX-12_COY-12_GOO-12_FIG-12_TAU-6_ZAP-13
LAX-6,LAX,6,317.340656,-13.946415,104.473882,ACT_ART_ASH_BED_BUG_COY_GIN_HAM_ICE_MAD_NAN,ACT-LAX_ART-LAX_ASH-LAX_BED-LAX_BUG-LAX_COY-LAX_GIN-LAX_HAM-LAX_ICE-LAX_LAX-MAD_LAX-NAN,ACT-LAX-12_ART-LAX-12_ASH-LAX-12_BED-LAX-12_BUG-LAX-12_COY-LAX-12_LAX-MAD-12_ACT-LAX-6_GIN-LAX-6_HAM-LAX-6_ICE-LAX-6_LAX-NAN-6,ACT-12_ART-12_ASH-12_BED-12_BUG-12_COY-12_MAD-12_ACT-6_GIN-6_HAM-6_ICE-6_NAN-6
PRO-13,PRO,13,375.996709,-115.248987,127.901375,ALL_GOO_HOT_PIG_ZAP_YAK,ALL-PRO_GOO-PRO_HOT-PRO_PIG-PRO_PRO-ZAP_PRO-YAK,GOO-PRO-13_HOT-PRO-13_PIG-PRO-13_PRO-ZAP-13_PRO-YAK-13_ALL-PRO-10,GOO-13_HOT-13_PIG-13_ZAP-13_YAK-13_ALL-10
WHY-8,WHY,8,490.17915,-61.632797,57.492087,JAR_KEG_LUG_PAY_SAW_TAR,JAR-WHY_KEG-WHY_LUG-WHY_PAY-WHY_SAW-WHY_TAR-WHY,JAR-WHY-8_KEG-WHY-8_LUG-WHY-8_PAY-WHY-8_SAW-WHY-8_TAR-WHY-8,JAR-8_KEG-8_LUG-8_PAY-8_SAW-8_TAR-8
LIE-14,LIE,14,417.885822,-69.093088,130.147063,COW_EAR_EVE_FAX_GIG_HOT_JAM_LAW_ZAP_OLD_TAU_PIG_ZOO,COW-LIE_EAR-LIE_EVE-LIE_FAX-LIE_GIG-LIE_HOT-LIE_JAM-LIE_LAW-LIE_LIE-ZAP_LIE-OLD_LIE-TAU_LIE-PIG_LIE-ZOO,COW-LIE-11_EAR-LIE-11_FAX-LIE-11_GIG-LIE-11_JAM-LIE-11_LIE-ZOO-11_HOT-LIE-13_JAM-LIE-13_LIE-ZAP-13_LIE-OLD-13_LIE-TAU-13_LIE-PIG-13_EVE-LIE-14_GIG-LIE-14_LAW-LIE-14_LIE-OLD-14_LIE-TAU-14,COW-11_EAR-11_FAX-11_GIG-11_JAM-11_ZOO-11_HOT-13_JAM-13_ZAP-13_OLD-13_TAU-13_PIG-13_EVE-14_GIG-14_LAW-14_OLD-14_TAU-14
TAR-8,TAR,8,467.701814,-76.64341,66.680564,COW_EAR_JAR_KEG_LUG_PHI_SAW_SEX_WHY_YAY_WAS,COW-TAR_EAR-TAR_JAR-TAR_KEG-TAR_LUG-TAR_PHI-TAR_SAW-TAR_SEX-TAR_TAR-WHY_TAR-YAY_TAR-WAS,COW-TAR-11_EAR-TAR-11_KEG-TAR-11_LUG-TAR-11_PHI-TAR-11_TAR-WAS-11_JAR-TAR-8_KEG-TAR-8_LUG-TAR-8_PHI-TAR-8_SAW-TAR-8_SEX-TAR-8_TAR-WHY-8_TAR-YAY-8,COW-11_EAR-11_KEG-11_LUG-11_PHI-11_WAS-11_JAR-8_KEG-8_LUG-8_PHI-8_SAW-8_SEX-8_WHY-8_YAY-8
ERA-6,ERA,6,408.17986,17.176463,139.023359,AHI_IRE_JUG_RIB_YES_SOY_NIL_GIG_PLY_LAW,AHI-ERA_ERA-IRE_ERA-JUG_ERA-RIB_ERA-YES_ERA-SOY_ERA-NIL_ERA-GIG_ERA-PLY_ERA-LAW,ERA-IRE-14_ERA-RIB-14_ERA-GIG-14_ERA-LAW-14_AHI-ERA-7_ERA-IRE-7_ERA-YES-7_ERA-NIL-7_ERA-JUG-6_ERA-RIB-6_ERA-SOY-6_ERA-PLY-6,IRE-14_RIB-14_GIG-14_LAW-14_AHI-7_IRE-7_YES-7_NIL-7_JUG-6_RIB-6_SOY-6_PLY-6
ERA-7,ERA,6,413.811972,16.707788,138.372934,AHI_IRE_JUG_RIB_YES_SOY_NIL_GIG_PLY_LAW,AHI-ERA_ERA-IRE_ERA-JUG_ERA-RIB_ERA-YES_ERA-SOY_ERA-NIL_ERA-GIG_ERA-PLY_ERA-LAW,ERA-IRE-14_ERA-RIB-14_ERA-GIG-14_ERA-LAW-14_AHI-ERA-7_ERA-IRE-7_ERA-YES-7_ERA-NIL-7_ERA-JUG-6_ERA-RIB-6_ERA-SOY-6_ERA-PLY-6,IRE-14_RIB-14_GIG-14_LAW-14_AHI-7_IRE-7_YES-7_NIL-7_JUG-6_RIB-6_SOY-6_PLY-6
TAG-2,TAG,2,498.431781,36.361793,23.528262,ASK_BOY_CIS_DUI_ETA_FOX_GUN_IVY_OFF_ORC_SKY_TUB,ASK-TAG_BOY-TAG_CIS-TAG_DUI-TAG_ETA-TAG_FOX-TAG_GUN-TAG_IVY-TAG_OFF-TAG_ORC-TAG_SKY-TAG_TAG-TUB,ASK-TAG-2_BOY-TAG-2_CIS-TAG-2_DUI-TAG-2_ETA-TAG-2_FOX-TAG-2_GUN-TAG-2_IVY-TAG-2_OFF-TAG-2_ORC-TAG-2_SKY-TAG-2_TAG-TUB-2,ASK-2_BOY-2_CIS-2_DUI-2_ETA-2_FOX-2_GUN-2_IVY-2_OFF-2_ORC-2_SKY-2_TUB-2
TUB-2,TUB,2,504.164495,63.277224,34.958288,ASK_DIG_DUI_GUN_SKY_TAG,ASK-TUB_DIG-TUB_DUI-TUB_GUN-TUB_SKY-TUB_TAG-TUB,ASK-TUB-2_DIG-TUB-2_DUI-TUB-2_GUN-TUB-2_SKY-TUB-2_TAG-TUB-2,ASK-2_DIG-2_DUI-2_GUN-2_SKY-2_TAG-2
ONO-9,ONO,9,307.642789,-63.517696,14.310419,AGE_BAR_ELK_KIT_SIR_USE_TAT,AGE-ONO_BAR-ONO_ELK-ONO_KIT-ONO_ONO-SIR_ONO-USE_ONO-TAT,AGE-ONO-9_BAR-ONO-9_ELK-ONO-9_KIT-ONO-9_ONO-SIR-9_ONO-USE-9_ONO-TAT-9,AGE-9_BAR-9_ELK-9_KIT-9_SIR-9_USE-9_TAT-9
GUN-2,GUN,2,478.774993,82.806779,27.252488,ASK_DIG_DUI_FRO_JOY_RAW_WHO_OFF_NOM_SPY_TAG_TUB,ASK-GUN_DIG-GUN_DUI-GUN_FRO-GUN_GUN-JOY_GUN-RAW_GUN-WHO_GUN-OFF_GUN-NOM_GUN-SPY_GUN-TAG_GUN-TUB,FRO-GUN-1_GUN-JOY-1_GUN-RAW-1_GUN-WHO-1_GUN-NOM-1_GUN-SPY-1_ASK-GUN-2_DIG-GUN-2_DUI-GUN-2_GUN-OFF-2_GUN-NOM-2_GUN-TAG-2_GUN-TUB-2,FRO-1_JOY-1_RAW-1_WHO-1_NOM-1_SPY-1_ASK-2_DIG-2_DUI-2_OFF-2_NOM-2_TAG-2_TUB-2
ASH-12,ASH,12,325.688309,-36.652361,127.749856,ACT_ART_LAM_LAX_HAM_BUG,ACT-ASH_ART-ASH_ASH-LAM_ASH-LAX_ASH-HAM_ASH-BUG,ACT-ASH-12_ART-ASH-12_ASH-LAM-12_ASH-LAX-12_ASH-BUG-12_ASH-HAM-12,ACT-12_ART-12_LAM-12_LAX-12_BUG-12_HAM-6
WOW-10,WOW,9,340.061848,-132.403925,60.558944,COP_ELK_GET_GOO_HIP_KEY_NEW_NOR_RUG_SAD_USE_WIG,COP-WOW_ELK-WOW_GET-WOW_GOO-WOW_HIP-WOW_KEY-WOW_NEW-WOW_NOR-WOW_RUG-WOW_SAD-WOW_USE-WOW_WIG-WOW,COP-WOW-10_GET-WOW-10_GOO-WOW-10_HIP-WOW-10_NEW-WOW-10_RUG-WOW-10_SAD-WOW-10_COP-WOW-9_ELK-WOW-9_KEY-WOW-9_NOR-WOW-9_USE-WOW-9_WIG-WOW-9,COP-10_GET-10_GOO-10_HIP-10_NEW-10_RUG-10_SAD-10_COP-9_ELK-9_KEY-9_NOR-9_USE-9_WIG-9
TAR-11,TAR,8,464.567117,-76.946592,69.218025,COW_EAR_JAR_KEG_LUG_PHI_SAW_SEX_WHY_YAY_WAS,COW-TAR_EAR-TAR_JAR-TAR_KEG-TAR_LUG-TAR_PHI-TAR_SAW-TAR_SEX-TAR_TAR-WHY_TAR-YAY_TAR-WAS,COW-TAR-11_EAR-TAR-11_KEG-TAR-11_LUG-TAR-11_PHI-TAR-11_TAR-WAS-11_JAR-TAR-8_KEG-TAR-8_LUG-TAR-8_PHI-TAR-8_SAW-TAR-8_SEX-TAR-8_TAR-WHY-8_TAR-YAY-8,COW-11_EAR-11_KEG-11_LUG-11_PHI-11_WAS-11_JAR-8_KEG-8_LUG-8_PHI-8_SAW-8_SEX-8_WHY-8_YAY-8
NEW-10,NEW,10,355.284886,-135.861526,35.744193,COP_GET_HIP_WOW_USE,COP-NEW_GET-NEW_HIP-NEW_NEW-WOW_NEW-USE,COP-NEW-10_GET-NEW-10_HIP-NEW-10_NEW-WOW-10_NEW-USE-10,COP-10_GET-10_HIP-10_WOW-10_USE-9
BAR-9,BAR,9,290.577705,-31.803876,16.144758,AGE_CUP_SIR_FLU_DOG_ONO,AGE-BAR_BAR-CUP_BAR-SIR_BAR-FLU_BAR-DOG_BAR-ONO,BAR-CUP-4_BAR-FLU-4_BAR-DOG-4_AGE-BAR-9_BAR-SIR-9_BAR-DOG-9_BAR-ONO-9,CUP-4_FLU-4_DOG-4_AGE-9_SIR-9_DOG-9_ONO-9
IRE-7,IRE,7,436.812111,-0.602002,144.654631,AHI_ERA_EVE_GIG_YES_MAC_LAW_RIB,AHI-IRE_ERA-IRE_EVE-IRE_GIG-IRE_IRE-YES_IRE-MAC_IRE-LAW_IRE-RIB,ERA-IRE-14_EVE-IRE-14_GIG-IRE-14_IRE-LAW-14_IRE-RIB-14_AHI-IRE-7_ERA-IRE-7_IRE-YES-7_IRE-MAC-7,ERA-14_EVE-14_GIG-14_LAW-14_RIB-14_AHI-7_ERA-7_YES-7_MAC-7
BOA-5,BOA,5,391.642463,113.458091,109.827824,ADO_REF_WAR_SHY_NAY_HOW,ADO-BOA_BOA-REF_BOA-WAR_BOA-SHY_BOA-NAY_BOA-HOW,ADO-BOA-5_BOA-REF-5_BOA-WAR-5_BOA-SHY-5_BOA-NAY-5_BOA-HOW-5,ADO-5_REF-5_WAR-5_SHY-5_NAY-5_HOW-5
AMP-10,AMP,8,448.540282,-119.516971,32.512105,ROB_SEX_YAY_SAW_CAB,AMP-ROB_AMP-SEX_AMP-YAY_AMP-SAW_AMP-CAB,AMP-ROB-10_AMP-SEX-10_AMP-CAB-10_AMP-SEX-8_AMP-YAY-8_AMP-SAW-8,ROB-10_SEX-10_CAB-10_SEX-8_YAY-8_SAW-8
MAD-12,MAD,12,298.986467,-29.715372,91.466926,ART_BED_CHI_COY_ICE_LAX,ART-MAD_BED-MAD_CHI-MAD_COY-MAD_ICE-MAD_LAX-MAD,ART-MAD-12_BED-MAD-12_COY-MAD-12_LAX-MAD-12_CHI-MAD-9_ICE-MAD-6,ART-12_BED-12_COY-12_LAX-12_CHI-9_ICE-6
DOG-4,DOG,9,285.850277,-17.55976,42.526524,AGE_BAR_BED_CHI_CUP_PAW,AGE-DOG_BAR-DOG_BED-DOG_CHI-DOG_CUP-DOG_DOG-PAW,BAR-DOG-4_BED-DOG-4_CUP-DOG-4_DOG-PAW-4_AGE-DOG-9_BAR-DOG-9_BED-DOG-9_CHI-DOG-9,BAR-4_BED-4_CUP-4_PAW-4_AGE-9_BAR-9_BED-9_CHI-9
KEG-11,KEG,8,480.316348,-62.384488,88.36591,COW_WHY_ODD_TAR_WAS_LUG,COW-KEG_KEG-WHY_KEG-ODD_KEG-TAR_KEG-WAS_KEG-LUG,COW-KEG-11_KEG-ODD-11_KEG-TAR-11_KEG-WAS-11_KEG-LUG-11_KEG-WHY-8_KEG-TAR-8_KEG-LUG-8,COW-11_ODD-11_TAR-11_WAS-11_LUG-11_WHY-8_TAR-8_LUG-8
DOG-9,DOG,9,287.161488,-21.434582,41.998706,AGE_BAR_BED_CHI_CUP_PAW,AGE-DOG_BAR-DOG_BED-DOG_CHI-DOG_CUP-DOG_DOG-PAW,BAR-DOG-4_BED-DOG-4_CUP-DOG-4_DOG-PAW-4_AGE-DOG-9_BAR-DOG-9_BED-DOG-9_CHI-DOG-9,BAR-4_BED-4_CUP-4_PAW-4_AGE-9_BAR-9_BED-9_CHI-9
WIG-9,WIG,9,313.116378,-103.569785,56.829206,ELK_KEY_KIT_NOR_USE_WOW,ELK-WIG_KEY-WIG_KIT-WIG_NOR-WIG_USE-WIG_WIG-WOW,ELK-WIG-9_KEY-WIG-9_KIT-WIG-9_NOR-WIG-9_USE-WIG-9_WIG-WOW-9,ELK-9_KEY-9_KIT-9_NOR-9_USE-9_WOW-9
LUG-11,LUG,8,483.571247,-36.744232,72.054651,COW_ETA_FIX_GAS_IVY_JAR_KEG_PAY_TAR_ODD_TUX_WHY,COW-LUG_ETA-LUG_FIX-LUG_GAS-LUG_IVY-LUG_JAR-LUG_KEG-LUG_LUG-PAY_LUG-TAR_LUG-ODD_LUG-TUX_LUG-WHY,COW-LUG-11_FIX-LUG-11_GAS-LUG-11_KEG-LUG-11_LUG-TAR-11_LUG-ODD-11_ETA-LUG-8_JAR-LUG-8_KEG-LUG-8_LUG-PAY-8_LUG-TAR-8_LUG-TUX-8_LUG-WHY-8_IVY-LUG-7,COW-11_FIX-11_GAS-11_KEG-11_TAR-11_ODD-11_ETA-8_JAR-8_KEG-8_PAY-8_TAR-8_TUX-8_WHY-8_IVY-7
ORC-2,ORC,2,497.720433,37.599431,-2.739044,ASK_BOY_CIS_OFF_TAG,ASK-ORC_BOY-ORC_CIS-ORC_OFF-ORC_ORC-TAG,ASK-ORC-2_BOY-ORC-2_CIS-ORC-2_OFF-ORC-2_ORC-TAG-2,ASK-2_BOY-2_CIS-2_OFF-2_TAG-2
RUM-5,RUM,5,376.568553,132.517896,51.147398,FEW_GUT_HOW_INK_MAY_OIL_PIE_REF_SHY_SIP,FEW-RUM_GUT-RUM_HOW-RUM_INK-RUM_MAY-RUM_OIL-RUM_PIE-RUM_REF-RUM_RUM-SHY_RUM-SIP,GUT-RUM-3_INK-RUM-3_MAY-RUM-3_OIL-RUM-3_RUM-SIP-3_HOW-RUM-5_OIL-RUM-5_REF-RUM-5_RUM-SHY-5_PIE-RUM-1,GUT-3_INK-3_MAY-3_OIL-3_SIP-3_HOW-5_OIL-5_REF-5_SHY-5_PIE-1
WIZ-4,WIZ,4,302.317321,60.660835,93.963198,FLY_GIN_SAY_TAX_VOW_ZZZ,FLY-WIZ_GIN-WIZ_SAY-WIZ_TAX-WIZ_VOW-WIZ_WIZ-ZZZ,GIN-WIZ-4_SAY-WIZ-4_TAX-WIZ-4_FLY-WIZ-5_VOW-WIZ-6_WIZ-ZZZ-4,GIN-4_SAY-4_TAX-4_FLY-5_VOW-6_ZZZ-6
TOY-7,TOY,7,433.632702,77.524781,131.158162,ADO_DUB_EON_JOB_NIL_WET,ADO-TOY_DUB-TOY_EON-TOY_JOB-TOY_NIL-TOY_TOY-WET,ADO-TOY-5_DUB-TOY-5_JOB-TOY-5_NIL-TOY-5_EON-TOY-7_NIL-TOY-7_TOY-WET-7,ADO-5_DUB-5_JOB-5_NIL-5_EON-7_NIL-7_WET-7
NIL-5,NIL,7,418.942362,56.658565,128.584766,ADO_AHI_EON_ERA_JOB_JUG_TOY_WET_YES_PLY,ADO-NIL_AHI-NIL_EON-NIL_ERA-NIL_JOB-NIL_JUG-NIL_NIL-TOY_NIL-WET_NIL-YES_NIL-PLY,ADO-NIL-5_JOB-NIL-5_JUG-NIL-5_NIL-TOY-5_NIL-PLY-5_AHI-NIL-7_EON-NIL-7_ERA-NIL-7_NIL-TOY-7_NIL-WET-7_NIL-YES-7,ADO-5_JOB-5_JUG-5_TOY-5_PLY-5_AHI-7_EON-7_ERA-7_TOY-7_WET-7_YES-7
TOY-5,TOY,7,431.030738,80.367242,129.464582,ADO_DUB_EON_JOB_NIL_WET,ADO-TOY_DUB-TOY_EON-TOY_JOB-TOY_NIL-TOY_TOY-WET,ADO-TOY-5_DUB-TOY-5_JOB-TOY-5_NIL-TOY-5_EON-TOY-7_NIL-TOY-7_TOY-WET-7,ADO-5_DUB-5_JOB-5_NIL-5_EON-7_NIL-7_WET-7
ADO-5,ADO,5,408.397779,92.454329,116.19127,JOB_DUB_BOA_WET_REF_TOY_NIL_NAY_WAR_HOW_ELF_PLY,ADO-JOB_ADO-DUB_ADO-BOA_ADO-WET_ADO-REF_ADO-TOY_ADO-NIL_ADO-NAY_ADO-WAR_ADO-HOW_ADO-ELF_ADO-PLY,ADO-JOB-5_ADO-DUB-5_ADO-BOA-5_ADO-REF-5_ADO-TOY-5_ADO-NIL-5_ADO-NAY-5_ADO-WAR-5_ADO-HOW-5_ADO-PLY-5_ADO-WET-5_ADO-ELF-5,JOB-5_DUB-5_BOA-5_REF-5_TOY-5_NIL-5_NAY-5_WAR-5_HOW-5_PLY-5_WET-7_ELF-1
TUX-2,TUX,8,504.402827,-11.76777,54.618649,ETA_FOX_GAS_IVY_LUG_PAY,ETA-TUX_FOX-TUX_GAS-TUX_IVY-TUX_LUG-TUX_PAY-TUX,ETA-TUX-2_FOX-TUX-2_IVY-TUX-2_ETA-TUX-8_LUG-TUX-8_PAY-TUX-8_GAS-TUX-11,ETA-2_FOX-2_IVY-2_ETA-8_LUG-8_PAY-8_GAS-11
LAM-12,LAM,12,347.03263,-46.871029,139.743421,ACT_ASH_BUG_LAB_TAU_TRY,ACT-LAM_ASH-LAM_BUG-LAM_LAB-LAM_LAM-TAU_LAM-TRY,ACT-LAM-12_ASH-LAM-12_BUG-LAM-12_LAB-LAM-12_LAM-TAU-12_LAM-TRY-12,ACT-12_ASH-12_BUG-12_LAB-12_TAU-6_TRY-6
WET-7,WET,7,452.282481,70.999615,108.797264,ACE_ADO_ARM_BRO_DUB_ELF_EON_NIL_NOM_TOY_YES,ACE-WET_ADO-WET_ARM-WET_BRO-WET_DUB-WET_ELF-WET_EON-WET_NIL-WET_NOM-WET_TOY-WET_WET-YES,ARM-WET-1_DUB-WET-1_ELF-WET-1_NOM-WET-1_ACE-WET-7_BRO-WET-7_EON-WET-7_NIL-WET-7_NOM-WET-7_TOY-WET-7_WET-YES-7_ADO-WET-5,ARM-1_DUB-1_ELF-1_NOM-1_ACE-7_BRO-7_EON-7_NIL-7_NOM-7_TOY-7_YES-7_ADO-5
OVA-1,OVA,1,434.10143,148.248363,33.23452,LEG_NIX_PIE_RAD_SPY,LEG-OVA_NIX-OVA_OVA-PIE_OVA-RAD_OVA-SPY,LEG-OVA-1_NIX-OVA-1_OVA-PIE-1_OVA-RAD-1_OVA-SPY-1,LEG-1_NIX-1_PIE-1_RAD-1_SPY-1
NIL-7,NIL,7,421.770942,54.195124,129.974224,ADO_AHI_EON_ERA_JOB_JUG_TOY_WET_YES_PLY,ADO-NIL_AHI-NIL_EON-NIL_ERA-NIL_JOB-NIL_JUG-NIL_NIL-TOY_NIL-WET_NIL-YES_NIL-PLY,ADO-NIL-5_JOB-NIL-5_JUG-NIL-5_NIL-TOY-5_NIL-PLY-5_AHI-NIL-7_EON-NIL-7_ERA-NIL-7_NIL-TOY-7_NIL-WET-7_NIL-YES-7,ADO-5_JOB-5_JUG-5_TOY-5_PLY-5_AHI-7_EON-7_ERA-7_TOY-7_WET-7_YES-7
WET-1,WET,7,451.05956,75.718157,104.425526,ACE_ADO_ARM_BRO_DUB_ELF_EON_NIL_NOM_TOY_YES,ACE-WET_ADO-WET_ARM-WET_BRO-WET_DUB-WET_ELF-WET_EON-WET_NIL-WET_NOM-WET_TOY-WET_WET-YES,ARM-WET-1_DUB-WET-1_ELF-WET-1_NOM-WET-1_ACE-WET-7_BRO-WET-7_EON-WET-7_NIL-WET-7_NOM-WET-7_TOY-WET-7_WET-YES-7_ADO-WET-5,ARM-1_DUB-1_ELF-1_NOM-1_ACE-7_BRO-7_EON-7_NIL-7_NOM-7_TOY-7_YES-7_ADO-5
POP-7,POP,7,476.658062,20.313079,117.246902,ACE_EON_EYE_FIX_MAC_YES,ACE-POP_EON-POP_EYE-POP_FIX-POP_MAC-POP_POP-YES,ACE-POP-7_EON-POP-7_EYE-POP-7_FIX-POP-7_MAC-POP-7_POP-YES-7,ACE-7_EON-7_EYE-7_FIX-7_MAC-7_YES-7
LAX-12,LAX,6,319.334226,-17.508949,104.147642,ACT_ART_ASH_BED_BUG_COY_GIN_HAM_ICE_MAD_NAN,ACT-LAX_ART-LAX_ASH-LAX_BED-LAX_BUG-LAX_COY-LAX_GIN-LAX_HAM-LAX_ICE-LAX_LAX-MAD_LAX-NAN,ACT-LAX-12_ART-LAX-12_ASH-LAX-12_BED-LAX-12_BUG-LAX-12_COY-LAX-12_LAX-MAD-12_ACT-LAX-6_GIN-LAX-6_HAM-LAX-6_ICE-LAX-6_LAX-NAN-6,ACT-12_ART-12_ASH-12_BED-12_BUG-12_COY-12_MAD-12_ACT-6_GIN-6_HAM-6_ICE-6_NAN-6
GEL-10,GEL,10,449.629682,-136.5856,85.706055,DAD_EAR_SEX_PHI_ROB_MOO,DAD-GEL_EAR-GEL_GEL-SEX_GEL-PHI_GEL-ROB_GEL-MOO,DAD-GEL-10_EAR-GEL-10_GEL-SEX-10_GEL-ROB-10_GEL-MOO-10_GEL-PHI-10,DAD-10_EAR-10_SEX-10_ROB-10_MOO-10_PHI-8
PAW-4,PAW,4,283.189914,17.891034,40.836923,BED_CUP_DAY_DOG_GYM_SAY_ZIG_VAN,BED-PAW_CUP-PAW_DAY-PAW_DOG-PAW_GYM-PAW_PAW-SAY_PAW-ZIG_PAW-VAN,BED-PAW-4_CUP-PAW-4_DAY-PAW-4_DOG-PAW-4_GYM-PAW-4_PAW-SAY-4_PAW-ZIG-4_PAW-VAN-4,BED-4_CUP-4_DAY-4_DOG-4_GYM-4_SAY-4_ZIG-4_VAN-4
ACE-7,ACE,7,479.498928,41.257824,96.835889,WET_BRO_EYE_DUI_IVY_FIX_YES_SUN_POP_EON_NOM_HIT,ACE-WET_ACE-BRO_ACE-EYE_ACE-DUI_ACE-IVY_ACE-FIX_ACE-YES_ACE-SUN_ACE-POP_ACE-EON_ACE-NOM_ACE-HIT,ACE-WET-7_ACE-BRO-7_ACE-EYE-7_ACE-IVY-7_ACE-FIX-7_ACE-YES-7_ACE-SUN-7_ACE-POP-7_ACE-EON-7_ACE-NOM-7_ACE-HIT-7_ACE-DUI-7,WET-7_BRO-7_EYE-7_IVY-7_FIX-7_YES-7_SUN-7_POP-7_EON-7_NOM-7_HIT-7_DUI-2
JUG-6,JUG,6,391.11113,37.389047,148.863431,AHI_ERA_JOB_PLY_RIB_NIL_SOY_MOP,AHI-JUG_ERA-JUG_JOB-JUG_JUG-PLY_JUG-RIB_JUG-NIL_JUG-SOY_JUG-MOP,JOB-JUG-5_JUG-PLY-5_JUG-NIL-5_ERA-JUG-6_JUG-PLY-6_JUG-RIB-6_JUG-SOY-6_JUG-MOP-6_AHI-JUG-7,JOB-5_PLY-5_NIL-5_ERA-6_PLY-6_RIB-6_SOY-6_MOP-6_AHI-7
PLY-5,PLY,6,374.292929,54.776505,125.612295,ADO_ERA_FAN_FUN_JOB_JUG_MOP_NAN_NAY_NIL_SOY_REF_VOW,ADO-PLY_ERA-PLY_FAN-PLY_FUN-PLY_JOB-PLY_JUG-PLY_MOP-PLY_NAN-PLY_NAY-PLY_NIL-PLY_PLY-SOY_PLY-REF_PLY-VOW,ADO-PLY-5_FUN-PLY-5_JOB-PLY-5_JUG-PLY-5_NAY-PLY-5_NIL-PLY-5_PLY-REF-5_PLY-VOW-5_ERA-PLY-6_FAN-PLY-6_JUG-PLY-6_MOP-PLY-6_NAN-PLY-6_PLY-SOY-6_PLY-VOW-6,ADO-5_FUN-5_JOB-5_JUG-5_NAY-5_NIL-5_REF-5_VOW-5_ERA-6_FAN-6_JUG-6_MOP-6_NAN-6_SOY-6_VOW-6
OLD-14,OLD,14,395.733437,-61.392854,149.791358,EVE_FOG_HOT_LAB_LAW_LIE_TAU_ZAP,EVE-OLD_FOG-OLD_HOT-OLD_LAB-OLD_LAW-OLD_LIE-OLD_OLD-TAU_OLD-ZAP,HOT-OLD-13_LAB-OLD-13_LIE-OLD-13_OLD-TAU-13_OLD-ZAP-13_EVE-OLD-14_FOG-OLD-14_LAW-OLD-14_LIE-OLD-14_OLD-TAU-14,HOT-13_LAB-13_LIE-13_TAU-13_ZAP-13_EVE-14_FOG-14_LAW-14_LIE-14_TAU-14
GIN-4,GIN,6,306.754336,30.978472,91.749911,BED_DAY_WIZ_SAY_NAN_LAX_TAX_ICE_ZZZ_VOW_HAM,BED-GIN_DAY-GIN_GIN-WIZ_GIN-SAY_GIN-NAN_GIN-LAX_GIN-TAX_GIN-ICE_GIN-ZZZ_GIN-VOW_GIN-HAM,BED-GIN-4_DAY-GIN-4_GIN-WIZ-4_GIN-SAY-4_GIN-TAX-4_GIN-ICE-4_GIN-NAN-6_GIN-LAX-6_GIN-ICE-6_GIN-ZZZ-6_GIN-VOW-6_GIN-HAM-6,BED-4_DAY-4_WIZ-4_SAY-4_TAX-4_ICE-4_NAN-6_LAX-6_ICE-6_ZZZ-6_VOW-6_HAM-6
GIN-6,GIN,6,306.524701,30.926223,95.514114,BED_DAY_WIZ_SAY_NAN_LAX_TAX_ICE_ZZZ_VOW_HAM,BED-GIN_DAY-GIN_GIN-WIZ_GIN-SAY_GIN-NAN_GIN-LAX_GIN-TAX_GIN-ICE_GIN-ZZZ_GIN-VOW_GIN-HAM,BED-GIN-4_DAY-GIN-4_GIN-WIZ-4_GIN-SAY-4_GIN-TAX-4_GIN-ICE-4_GIN-NAN-6_GIN-LAX-6_GIN-ICE-6_GIN-ZZZ-6_GIN-VOW-6_GIN-HAM-6,BED-4_DAY-4_WIZ-4_SAY-4_TAX-4_ICE-4_NAN-6_LAX-6_ICE-6_ZZZ-6_VOW-6_HAM-6
DRY-5,DRY,5,339.586595,98.988624,103.596917,OIL_VOW_REF_SHY_FLY_FUN,DRY-OIL_DRY-VOW_DRY-REF_DRY-SHY_DRY-FLY_DRY-FUN,DRY-OIL-5_DRY-VOW-5_DRY-REF-5_DRY-SHY-5_DRY-FLY-5_DRY-FUN-5,OIL-5_VOW-5_REF-5_SHY-5_FLY-5_FUN-5
LID-3,LID,3,321.247751,65.59649,-21.844389,AIM_BOX_EGO_GYM_HUG_MOM_WAX,AIM-LID_BOX-LID_EGO-LID_GYM-LID_HUG-LID_LID-MOM_LID-WAX,AIM-LID-3_EGO-LID-3_GYM-LID-3_LID-MOM-3_LID-WAX-3_BOX-LID-4_HUG-LID-4,AIM-3_EGO-3_GYM-3_MOM-3_WAX-3_BOX-4_HUG-4
WOW-9,WOW,9,337.093372,-125.126968,57.807169,COP_ELK_GET_GOO_HIP_KEY_NEW_NOR_RUG_SAD_USE_WIG,COP-WOW_ELK-WOW_GET-WOW_GOO-WOW_HIP-WOW_KEY-WOW_NEW-WOW_NOR-WOW_RUG-WOW_SAD-WOW_USE-WOW_WIG-WOW,COP-WOW-10_GET-WOW-10_GOO-WOW-10_HIP-WOW-10_NEW-WOW-10_RUG-WOW-10_SAD-WOW-10_COP-WOW-9_ELK-WOW-9_KEY-WOW-9_NOR-WOW-9_USE-WOW-9_WIG-WOW-9,COP-10_GET-10_GOO-10_HIP-10_NEW-10_RUG-10_SAD-10_COP-9_ELK-9_KEY-9_NOR-9_USE-9_WIG-9
REF-5,REF,5,367.9058,97.221457,103.739432,ADO_BOA_DRY_FUN_HOW_NAY_OIL_PLY_RUM_VOW_SHY,ADO-REF_BOA-REF_DRY-REF_FUN-REF_HOW-REF_NAY-REF_OIL-REF_PLY-REF_REF-RUM_REF-VOW_REF-SHY,ADO-REF-5_BOA-REF-5_DRY-REF-5_FUN-REF-5_HOW-REF-5_NAY-REF-5_OIL-REF-5_PLY-REF-5_REF-RUM-5_REF-VOW-5_REF-SHY-5,ADO-5_BOA-5_DRY-5_FUN-5_HOW-5_NAY-5_OIL-5_PLY-5_RUM-5_VOW-5_SHY-5
PIG-10,PIG,13,402.785983,-121.757008,110.420454,ALL_DAD_EAR_EGG_GOO_HOT_JAM_LIE_MOO_RUG_ZAP_PRO,ALL-PIG_DAD-PIG_EAR-PIG_EGG-PIG_GOO-PIG_HOT-PIG_JAM-PIG_LIE-PIG_MOO-PIG_PIG-RUG_PIG-ZAP_PIG-PRO,ALL-PIG-10_DAD-PIG-10_EAR-PIG-10_EGG-PIG-10_GOO-PIG-10_MOO-PIG-10_PIG-RUG-10_GOO-PIG-13_HOT-PIG-13_JAM-PIG-13_LIE-PIG-13_PIG-ZAP-13_PIG-PRO-13,ALL-10_DAD-10_EAR-10_EGG-10_GOO-10_MOO-10_RUG-10_GOO-13_HOT-13_JAM-13_LIE-13_ZAP-13_PRO-13
JAM-11,JAM,13,428.478523,-102.989003,126.770109,EAR_HOT_ZOO_PIG_LIE_MOO,EAR-JAM_HOT-JAM_JAM-ZOO_JAM-PIG_JAM-LIE_JAM-MOO,EAR-JAM-11_JAM-ZOO-11_JAM-LIE-11_HOT-JAM-13_JAM-PIG-13_JAM-LIE-13_JAM-MOO-13,EAR-11_ZOO-11_LIE-11_HOT-13_PIG-13_LIE-13_MOO-10
SAD-10,SAD,10,350.237835,-143.520438,88.892099,ALL_GOO_HIP_KEY_RUG_WOW,ALL-SAD_GOO-SAD_HIP-SAD_KEY-SAD_RUG-SAD_SAD-WOW,ALL-SAD-10_GOO-SAD-10_HIP-SAD-10_RUG-SAD-10_SAD-WOW-10_KEY-SAD-9,ALL-10_GOO-10_HIP-10_RUG-10_WOW-10_KEY-9
SHY-5,SHY,5,367.623999,125.44389,85.701709,BOA_DRY_FEW_HOW_INK_OIL_REF_RUM,BOA-SHY_DRY-SHY_FEW-SHY_HOW-SHY_INK-SHY_OIL-SHY_REF-SHY_RUM-SHY,BOA-SHY-5_DRY-SHY-5_HOW-SHY-5_OIL-SHY-5_REF-SHY-5_RUM-SHY-5_INK-SHY-3,BOA-5_DRY-5_HOW-5_OIL-5_REF-5_RUM-5_INK-3
KEY-9,KEY,9,326.904063,-117.92426,85.630867,FIG_GOO_WOW_NOR_SAD_WIG,FIG-KEY_GOO-KEY_KEY-WOW_KEY-NOR_KEY-SAD_KEY-WIG,FIG-KEY-12_GOO-KEY-12_KEY-NOR-12_KEY-WOW-9_KEY-NOR-9_KEY-WIG-9_KEY-SAD-9,FIG-12_GOO-12_NOR-12_WOW-9_NOR-9_WIG-9_SAD-10
KIT-9,KIT,9,302.84319,-69.094233,57.822463,AGE_ART_CHI_COY_ELK_NOR_WIG_ONO,AGE-KIT_ART-KIT_CHI-KIT_COY-KIT_ELK-KIT_KIT-NOR_KIT-WIG_KIT-ONO,AGE-KIT-9_CHI-KIT-9_COY-KIT-9_ELK-KIT-9_KIT-NOR-9_KIT-WIG-9_KIT-ONO-9_ART-KIT-12,AGE-9_CHI-9_COY-9_ELK-9_NOR-9_WIG-9_ONO-9_ART-12
IVY-2,IVY,7,491.136581,12.58051,61.733248,ACE_DUI_ETA_EYE_FIX_FOX_GAS_TUX_SUN_SKY_LUG_TAG,ACE-IVY_DUI-IVY_ETA-IVY_EYE-IVY_FIX-IVY_FOX-IVY_GAS-IVY_IVY-TUX_IVY-SUN_IVY-SKY_IVY-LUG_IVY-TAG,DUI-IVY-2_ETA-IVY-2_FOX-IVY-2_IVY-TUX-2_IVY-SUN-2_IVY-SKY-2_IVY-TAG-2_ACE-IVY-7_EYE-IVY-7_FIX-IVY-7_IVY-SUN-7_GAS-IVY-11_IVY-LUG-7,DUI-2_ETA-2_FOX-2_TUX-2_SUN-2_SKY-2_TAG-2_ACE-7_EYE-7_FIX-7_SUN-7_GAS-11_LUG-8
BOX-4,BOX,4,294.166316,45.111266,-11.439247,HUG_GYM_LID_EGO_VAN,BOX-HUG_BOX-GYM_BOX-LID_BOX-EGO_BOX-VAN,BOX-HUG-4_BOX-GYM-4_BOX-VAN-4_BOX-LID-4_BOX-EGO-4,HUG-4_GYM-4_VAN-4_LID-3_EGO-3
MAY-3,MAY,3,353.64725,146.537519,31.529394,GUT_HEX_INK_RUM_SIP,GUT-MAY_HEX-MAY_INK-MAY_MAY-RUM_MAY-SIP,GUT-MAY-3_HEX-MAY-3_INK-MAY-3_MAY-RUM-3_MAY-SIP-3,GUT-3_HEX-3_INK-3_RUM-3_SIP-3
FOR-10,FOR,10,394.685312,-159.931355,66.117883,DAD_EGG_OAK_GET_RUG_HIP,DAD-FOR_EGG-FOR_FOR-OAK_FOR-GET_FOR-RUG_FOR-HIP,DAD-FOR-10_EGG-FOR-10_FOR-OAK-10_FOR-GET-10_FOR-RUG-10_FOR-HIP-10,DAD-10_EGG-10_OAK-10_GET-10_RUG-10_HIP-10
ODD-11,ODD,11,482.522449,-37.322303,100.338779,AIR_COW_FIX_GAS_KEG_LUG,AIR-ODD_COW-ODD_FIX-ODD_GAS-ODD_KEG-ODD_LUG-ODD,AIR-ODD-11_COW-ODD-11_FIX-ODD-11_GAS-ODD-11_KEG-ODD-11_LUG-ODD-11,AIR-11_COW-11_FIX-11_GAS-11_KEG-11_LUG-11
EVE-14,EVE,14,427.455814,-41.814324,147.399646,LAW_FAX_OLD_GIG_IRE_LIE,EVE-LAW_EVE-FAX_EVE-OLD_EVE-GIG_EVE-IRE_EVE-LIE,EVE-LAW-14_EVE-OLD-14_EVE-GIG-14_EVE-IRE-14_EVE-LIE-14_EVE-FAX-14,LAW-14_OLD-14_GIG-14_IRE-14_LIE-14_FAX-11
OAR-3,OAR,3,293.990962,86.886344,35.374324,AGO_EGO_FLY_GYM_MIX_MOM_TAX_ZIG,AGO-OAR_EGO-OAR_FLY-OAR_GYM-OAR_MIX-OAR_MOM-OAR_OAR-TAX_OAR-ZIG,AGO-OAR-3_EGO-OAR-3_FLY-OAR-3_GYM-OAR-3_MIX-OAR-3_MOM-OAR-3_OAR-TAX-3_OAR-ZIG-3,AGO-3_EGO-3_FLY-3_GYM-3_MIX-3_MOM-3_TAX-3_ZIG-4
JAR-8,JAR,8,480.555133,-54.722874,31.370198,BAM_ETA_HAY_TAR_WIN_PAY_LUG_YAY_WHY_SAW,BAM-JAR_ETA-JAR_HAY-JAR_JAR-TAR_JAR-WIN_JAR-PAY_JAR-LUG_JAR-YAY_JAR-WHY_JAR-SAW,BAM-JAR-8_ETA-JAR-8_HAY-JAR-8_JAR-TAR-8_JAR-WIN-8_JAR-PAY-8_JAR-LUG-8_JAR-YAY-8_JAR-WHY-8_JAR-SAW-8,BAM-8_ETA-8_HAY-8_TAR-8_WIN-8_PAY-8_LUG-8_YAY-8_WHY-8_SAW-8
AGO-3,AGO,3,318.953762,99.325936,45.782051,ALA_MIX_OAR_TAX_MOM_FLY_OIL_GUT,AGO-ALA_AGO-MIX_AGO-OAR_AGO-TAX_AGO-MOM_AGO-FLY_AGO-OIL_AGO-GUT,AGO-ALA-3_AGO-MIX-3_AGO-OAR-3_AGO-TAX-3_AGO-MOM-3_AGO-FLY-3_AGO-OIL-3_AGO-GUT-3,ALA-3_MIX-3_OAR-3_TAX-3_MOM-3_FLY-3_OIL-3_GUT-3
ETA-2,ETA,8,494.365812,-11.030214,27.144032,BAH_BAM_BOY_CIS_TUX_LUG_IVY_FOX_PAY_TAG_JAR_WIN,BAH-ETA_BAM-ETA_BOY-ETA_CIS-ETA_ETA-TUX_ETA-LUG_ETA-IVY_ETA-FOX_ETA-PAY_ETA-TAG_ETA-JAR_ETA-WIN,BAH-ETA-2_BOY-ETA-2_CIS-ETA-2_ETA-TUX-2_ETA-IVY-2_ETA-FOX-2_ETA-TAG-2_BAH-ETA-8_BAM-ETA-8_ETA-TUX-8_ETA-LUG-8_ETA-PAY-8_ETA-JAR-8_ETA-WIN-8,BAH-2_BOY-2_CIS-2_TUX-2_IVY-2_FOX-2_TAG-2_BAH-8_BAM-8_TUX-8_LUG-8_PAY-8_JAR-8_WIN-8
GAS-11,GAS,11,494.563399,-14.321069,85.837777,EYE_FIX_IVY_ODD_LUG_TUX,EYE-GAS_FIX-GAS_GAS-IVY_GAS-ODD_GAS-LUG_GAS-TUX,FIX-GAS-11_GAS-ODD-11_GAS-LUG-11_EYE-GAS-7_GAS-IVY-11_GAS-TUX-11,FIX-11_ODD-11_LUG-11_EYE-7_IVY-7_TUX-8
GUT-3,GUT,3,337.727258,124.968255,28.358312,AGO_ALA_INK_MAY_HEX_WAX_MIX_RUM_SIP_OIL_MOM,AGO-GUT_ALA-GUT_GUT-INK_GUT-MAY_GUT-HEX_GUT-WAX_GUT-MIX_GUT-RUM_GUT-SIP_GUT-OIL_GUT-MOM,AGO-GUT-3_ALA-GUT-3_GUT-INK-3_GUT-MAY-3_GUT-HEX-3_GUT-WAX-3_GUT-MIX-3_GUT-RUM-3_GUT-SIP-3_GUT-OIL-3_GUT-MOM-3,AGO-3_ALA-3_INK-3_MAY-3_HEX-3_WAX-3_MIX-3_RUM-3_SIP-3_OIL-3_MOM-3
DAD-10,DAD,10,421.771341,-147.807104,78.327823,CAB_GEL_FOR_EAR_RUG_PIG_ROB_SEX_EGG_GET_OAK_MOO,CAB-DAD_DAD-GEL_DAD-FOR_DAD-EAR_DAD-RUG_DAD-PIG_DAD-ROB_DAD-SEX_DAD-EGG_DAD-GET_DAD-OAK_DAD-MOO,CAB-DAD-10_DAD-GEL-10_DAD-FOR-10_DAD-EAR-10_DAD-RUG-10_DAD-PIG-10_DAD-ROB-10_DAD-SEX-10_DAD-EGG-10_DAD-GET-10_DAD-OAK-10_DAD-MOO-10,CAB-10_GEL-10_FOR-10_EAR-10_RUG-10_PIG-10_ROB-10_SEX-10_EGG-10_GET-10_OAK-10_MOO-10
PLY-6,PLY,6,371.489398,52.781739,127.652178,ADO_ERA_FAN_FUN_JOB_JUG_MOP_NAN_NAY_NIL_SOY_REF_VOW,ADO-PLY_ERA-PLY_FAN-PLY_FUN-PLY_JOB-PLY_JUG-PLY_MOP-PLY_NAN-PLY_NAY-PLY_NIL-PLY_PLY-SOY_PLY-REF_PLY-VOW,ADO-PLY-5_FUN-PLY-5_JOB-PLY-5_JUG-PLY-5_NAY-PLY-5_NIL-PLY-5_PLY-REF-5_PLY-VOW-5_ERA-PLY-6_FAN-PLY-6_JUG-PLY-6_MOP-PLY-6_NAN-PLY-6_PLY-SOY-6_PLY-VOW-6,ADO-5_FUN-5_JOB-5_JUG-5_NAY-5_NIL-5_REF-5_VOW-5_ERA-6_FAN-6_JUG-6_MOP-6_NAN-6_SOY-6_VOW-6
GIG-11,GIG,14,443.682788,-23.713493,128.695288,AIR_COW_ERA_EVE_FAX_FIX_IRE_YES_LIE_MAC_LAW,AIR-GIG_COW-GIG_ERA-GIG_EVE-GIG_FAX-GIG_FIX-GIG_GIG-IRE_GIG-YES_GIG-LIE_GIG-MAC_GIG-LAW,AIR-GIG-11_COW-GIG-11_FAX-GIG-11_FIX-GIG-11_GIG-LIE-11_GIG-MAC-11_ERA-GIG-14_EVE-GIG-14_GIG-IRE-14_GIG-LIE-14_GIG-LAW-14_GIG-YES-14,AIR-11_COW-11_FAX-11_FIX-11_LIE-11_MAC-11_ERA-14_EVE-14_IRE-14_LIE-14_LAW-14_YES-7
BAM-8,BAM,8,469.628809,-40.150012,-5.532969,BAH_JAR_YAY_HAY_ETA_CIS_WIN,BAH-BAM_BAM-JAR_BAM-YAY_BAM-HAY_BAM-ETA_BAM-CIS_BAM-WIN,BAH-BAM-8_BAM-JAR-8_BAM-YAY-8_BAM-HAY-8_BAM-ETA-8_BAM-WIN-8_BAM-CIS-8,BAH-8_JAR-8_YAY-8_HAY-8_ETA-8_WIN-8_CIS-2
NOM-7,NOM,7,472.732003,86.057326,73.203665,ACE_ARM_BIO_BRO_DIG_DUI_ELF_GUN_HIT_JOY_WET_SPY,ACE-NOM_ARM-NOM_BIO-NOM_BRO-NOM_DIG-NOM_DUI-NOM_ELF-NOM_GUN-NOM_HIT-NOM_JOY-NOM_NOM-WET_NOM-SPY,ARM-NOM-1_BIO-NOM-1_ELF-NOM-1_GUN-NOM-1_JOY-NOM-1_NOM-WET-1_NOM-SPY-1_DIG-NOM-2_DUI-NOM-2_GUN-NOM-2_HIT-NOM-2_ACE-NOM-7_BRO-NOM-7_HIT-NOM-7_NOM-WET-7,ARM-1_BIO-1_ELF-1_GUN-1_JOY-1_WET-1_SPY-1_DIG-2_DUI-2_GUN-2_HIT-2_ACE-7_BRO-7_HIT-7_WET-7
WAS-11,WAS,11,468.294032,-82.39975,97.78539,COW_EAR_KEG_PHI_TAR_ZOO,COW-WAS_EAR-WAS_KEG-WAS_PHI-WAS_TAR-WAS_WAS-ZOO,COW-WAS-11_EAR-WAS-11_KEG-WAS-11_PHI-WAS-11_TAR-WAS-11_WAS-ZOO-11,COW-11_EAR-11_KEG-11_PHI-11_TAR-11_ZOO-11
GIG-14,GIG,14,438.499687,-22.36318,129.026099,AIR_COW_ERA_EVE_FAX_FIX_IRE_YES_LIE_MAC_LAW,AIR-GIG_COW-GIG_ERA-GIG_EVE-GIG_FAX-GIG_FIX-GIG_GIG-IRE_GIG-YES_GIG-LIE_GIG-MAC_GIG-LAW,AIR-GIG-11_COW-GIG-11_FAX-GIG-11_FIX-GIG-11_GIG-LIE-11_GIG-MAC-11_ERA-GIG-14_EVE-GIG-14_GIG-IRE-14_GIG-LIE-14_GIG-LAW-14_GIG-YES-14,AIR-11_COW-11_FAX-11_FIX-11_LIE-11_MAC-11_ERA-14_EVE-14_IRE-14_LIE-14_LAW-14_YES-7
NOM-2,NOM,7,473.27539,86.08604,69.060307,ACE_ARM_BIO_BRO_DIG_DUI_ELF_GUN_HIT_JOY_WET_SPY,ACE-NOM_ARM-NOM_BIO-NOM_BRO-NOM_DIG-NOM_DUI-NOM_ELF-NOM_GUN-NOM_HIT-NOM_JOY-NOM_NOM-WET_NOM-SPY,ARM-NOM-1_BIO-NOM-1_ELF-NOM-1_GUN-NOM-1_JOY-NOM-1_NOM-WET-1_NOM-SPY-1_DIG-NOM-2_DUI-NOM-2_GUN-NOM-2_HIT-NOM-2_ACE-NOM-7_BRO-NOM-7_HIT-NOM-7_NOM-WET-7,ARM-1_BIO-1_ELF-1_GUN-1_JOY-1_WET-1_SPY-1_DIG-2_DUI-2_GUN-2_HIT-2_ACE-7_BRO-7_HIT-7_WET-7
TUX-8,TUX,8,505.037942,-16.002203,55.059076,ETA_FOX_GAS_IVY_LUG_PAY,ETA-TUX_FOX-TUX_GAS-TUX_IVY-TUX_LUG-TUX_PAY-TUX,ETA-TUX-2_FOX-TUX-2_IVY-TUX-2_ETA-TUX-8_LUG-TUX-8_PAY-TUX-8_GAS-TUX-11,ETA-2_FOX-2_IVY-2_ETA-8_LUG-8_PAY-8_GAS-11
PHI-8,PHI,8,470.408654,-101.785986,79.720475,EAR_GEL_TAR_WAS_SEX_SAW,EAR-PHI_GEL-PHI_PHI-TAR_PHI-WAS_PHI-SEX_PHI-SAW,EAR-PHI-11_PHI-TAR-11_PHI-WAS-11_PHI-TAR-8_PHI-SEX-8_PHI-SAW-8_GEL-PHI-10,EAR-11_TAR-11_WAS-11_TAR-8_SEX-8_SAW-8_GEL-10
COP-10,COP,9,356.556381,-109.678427,35.523645,WOW_USE_NEW_TAT_GET_ELK,COP-WOW_COP-USE_COP-NEW_COP-TAT_COP-GET_COP-ELK,COP-WOW-10_COP-NEW-10_COP-GET-10_COP-WOW-9_COP-USE-9_COP-TAT-9_COP-ELK-9,WOW-10_NEW-10_GET-10_WOW-9_USE-9_TAT-9_ELK-9
ALL-10,ALL,10,375.283471,-139.228544,110.016245,PRO_GOO_EGG_SAD_RUG_PIG,ALL-PRO_ALL-GOO_ALL-EGG_ALL-SAD_ALL-RUG_ALL-PIG,ALL-GOO-10_ALL-EGG-10_ALL-SAD-10_ALL-RUG-10_ALL-PIG-10_ALL-PRO-10,GOO-10_EGG-10_SAD-10_RUG-10_PIG-10_PRO-13
SUN-7,SUN,7,500.648086,35.796629,79.073058,ACE_DUI_EYE_HIT_IVY_SKY,ACE-SUN_DUI-SUN_EYE-SUN_HIT-SUN_IVY-SUN_SKY-SUN,DUI-SUN-2_HIT-SUN-2_IVY-SUN-2_SKY-SUN-2_ACE-SUN-7_EYE-SUN-7_HIT-SUN-7_IVY-SUN-7,DUI-2_HIT-2_IVY-2_SKY-2_ACE-7_EYE-7_HIT-7_IVY-7
LUG-8,LUG,8,486.307612,-35.768625,69.000552,COW_ETA_FIX_GAS_IVY_JAR_KEG_PAY_TAR_ODD_TUX_WHY,COW-LUG_ETA-LUG_FIX-LUG_GAS-LUG_IVY-LUG_JAR-LUG_KEG-LUG_LUG-PAY_LUG-TAR_LUG-ODD_LUG-TUX_LUG-WHY,COW-LUG-11_FIX-LUG-11_GAS-LUG-11_KEG-LUG-11_LUG-TAR-11_LUG-ODD-11_ETA-LUG-8_JAR-LUG-8_KEG-LUG-8_LUG-PAY-8_LUG-TAR-8_LUG-TUX-8_LUG-WHY-8_IVY-LUG-7,COW-11_FIX-11_GAS-11_KEG-11_TAR-11_ODD-11_ETA-8_JAR-8_KEG-8_PAY-8_TAR-8_TUX-8_WHY-8_IVY-7
JUG-5,JUG,6,393.914661,39.383813,146.823548,AHI_ERA_JOB_PLY_RIB_NIL_SOY_MOP,AHI-JUG_ERA-JUG_JOB-JUG_JUG-PLY_JUG-RIB_JUG-NIL_JUG-SOY_JUG-MOP,JOB-JUG-5_JUG-PLY-5_JUG-NIL-5_ERA-JUG-6_JUG-PLY-6_JUG-RIB-6_JUG-SOY-6_JUG-MOP-6_AHI-JUG-7,JOB-5_PLY-5_NIL-5_ERA-6_PLY-6_RIB-6_SOY-6_MOP-6_AHI-7
SUN-2,SUN,7,501.546765,36.967553,75.226753,ACE_DUI_EYE_HIT_IVY_SKY,ACE-SUN_DUI-SUN_EYE-SUN_HIT-SUN_IVY-SUN_SKY-SUN,DUI-SUN-2_HIT-SUN-2_IVY-SUN-2_SKY-SUN-2_ACE-SUN-7_EYE-SUN-7_HIT-SUN-7_IVY-SUN-7,DUI-2_HIT-2_IVY-2_SKY-2_ACE-7_EYE-7_HIT-7_IVY-7
ARM-1,ARM,1,461.743719,100.762381,92.05712,ELF_BRO_BIO_WET_DUB_NOM,ARM-ELF_ARM-BRO_ARM-BIO_ARM-WET_ARM-DUB_ARM-NOM,ARM-ELF-1_ARM-BIO-1_ARM-WET-1_ARM-DUB-1_ARM-NOM-1_ARM-BRO-1,ELF-1_BIO-1_WET-1_DUB-1_NOM-1_BRO-7
SIP-3,SIP,3,367.876581,142.478321,8.629615,GUT_HEX_MAY_RUM_WAX,GUT-SIP_HEX-SIP_MAY-SIP_RUM-SIP_SIP-WAX,GUT-SIP-3_HEX-SIP-3_MAY-SIP-3_RUM-SIP-3_SIP-WAX-3,GUT-3_HEX-3_MAY-3_RUM-3_WAX-3
SKY-2,SKY,2,508.93296,34.706627,49.44959,DUI_FOX_IVY_SUN_TUB_TAG,DUI-SKY_FOX-SKY_IVY-SKY_SKY-SUN_SKY-TUB_SKY-TAG,DUI-SKY-2_FOX-SKY-2_IVY-SKY-2_SKY-SUN-2_SKY-TUB-2_SKY-TAG-2,DUI-2_FOX-2_IVY-2_SUN-2_TUB-2_TAG-2
HIT-7,HIT,7,493.405236,64.972903,82.206327,ACE_BRO_DIG_DUI_SUN_NOM,ACE-HIT_BRO-HIT_DIG-HIT_DUI-HIT_HIT-SUN_HIT-NOM,DIG-HIT-2_DUI-HIT-2_HIT-SUN-2_HIT-NOM-2_ACE-HIT-7_BRO-HIT-7_HIT-SUN-7_HIT-NOM-7,DIG-2_DUI-2_SUN-2_NOM-2_ACE-7_BRO-7_SUN-7_NOM-7
COP-9,COP,9,353.587905,-102.40147,32.77187,WOW_USE_NEW_TAT_GET_ELK,COP-WOW_COP-USE_COP-NEW_COP-TAT_COP-GET_COP-ELK,COP-WOW-10_COP-NEW-10_COP-GET-10_COP-WOW-9_COP-USE-9_COP-TAT-9_COP-ELK-9,WOW-10_NEW-10_GET-10_WOW-9_USE-9_TAT-9_ELK-9
OIL-5,OIL,5,341.254938,101.28211,75.496277,AGO_ALA_DRY_FLY_GUT_INK_VOW_RUM_SHY_TAX_REF,AGO-OIL_ALA-OIL_DRY-OIL_FLY-OIL_GUT-OIL_INK-OIL_OIL-VOW_OIL-RUM_OIL-SHY_OIL-TAX_OIL-REF,AGO-OIL-3_ALA-OIL-3_FLY-OIL-3_GUT-OIL-3_INK-OIL-3_OIL-RUM-3_OIL-TAX-3_DRY-OIL-5_FLY-OIL-5_OIL-VOW-5_OIL-RUM-5_OIL-SHY-5_OIL-REF-5,AGO-3_ALA-3_FLY-3_GUT-3_INK-3_RUM-3_TAX-3_DRY-5_FLY-5_VOW-5_RUM-5_SHY-5_REF-5
HIT-2,HIT,7,494.218097,65.944315,78.686061,ACE_BRO_DIG_DUI_SUN_NOM,ACE-HIT_BRO-HIT_DIG-HIT_DUI-HIT_HIT-SUN_HIT-NOM,DIG-HIT-2_DUI-HIT-2_HIT-SUN-2_HIT-NOM-2_ACE-HIT-7_BRO-HIT-7_HIT-SUN-7_HIT-NOM-7,DIG-2_DUI-2_SUN-2_NOM-2_ACE-7_BRO-7_SUN-7_NOM-7
