Node_with_Module,Node,Module,X,Y,Z,Neighbor_Nodes,Bars,Physical_Bars,Physical_Nodes,Ground,Inner_Outer,Left_Right_Mid
PIE-1,PIE,1,18.90968059,136.201273,-30.11467737,ELF_GAL_HOW_NIX_OVA_RAD_SPY_RUM,ELF-PIE_GAL-PIE_HOW-PIE_NIX-PIE_OVA-PIE_PIE-RAD_PIE-SPY_PIE-RUM,ELF-PIE-1_GAL-PIE-1_HOW-PIE-1_NIX-PIE-1_OVA-PIE-1_PIE-RAD-1_PIE-SPY-1_PIE-RUM-1,ELF-1_GAL-1_HOW-1_NIX-1_OVA-1_RAD-1_SPY-1_RUM-5,1,inner
PIG-13,PIG,13,5.820940594,-117.48782,33.97493563,ALL_DAD_EAR_EGG_GOO_MOO_RUG_HOT_JAM_LIE_ZAP_PRO,ALL-PIG_DAD-PIG_EAR-PIG_EGG-PIG_GOO-PIG_MOO-PIG_PIG-RUG_HOT-PIG_JAM-PIG_LIE-PIG_PIG-ZAP_PIG-PRO,ALL-PIG-10_DAD-PIG-10_EAR-PIG-10_EGG-PIG-10_MOO-PIG-10_PIG-RUG-10_GOO-PIG-13_HOT-PIG-13_JAM-PIG-13_LIE-PIG-13_PIG-ZAP-13_PIG-PRO-13,ALL-10_DAD-10_EAR-10_EGG-10_MOO-10_RUG-10_GOO-13_HOT-13_JAM-13_LIE-13_ZAP-13_PRO-13,0,inner
VOW-6,VOW,6,-65.23407541,67.63065498,28.89226863,DRY_FLY_FUN_OIL_PLY_REF_FAN_GIN_NAN_ZZZ_TAX_WIZ,DRY-VOW_FLY-VOW_FUN-VOW_OIL-VOW_PLY-VOW_REF-VOW_FAN-VOW_GIN-VOW_NAN-VOW_VOW-ZZZ_TAX-VOW_VOW-WIZ,DRY-VOW-5_FLY-VOW-5_FUN-VOW-5_OIL-VOW-5_REF-VOW-5_PLY-VOW-6_FAN-VOW-6_GIN-VOW-6_NAN-VOW-6_VOW-ZZZ-6_TAX-VOW-4_VOW-WIZ-6,DRY-5_FLY-5_FUN-5_OIL-5_REF-5_PLY-6_FAN-6_GIN-6_NAN-6_ZZZ-6_TAX-4_WIZ-4,0,inner
SEX-8,SEX,8,61.78807259,-114.597803,-21.04072737,AMP_PHI_SAW_TAR_YAY_CAB_DAD_EAR_GEL_ROB,AMP-SEX_PHI-SEX_SAW-SEX_SEX-TAR_SEX-YAY_CAB-SEX_DAD-SEX_EAR-SEX_GEL-SEX_ROB-SEX,AMP-SEX-10_CAB-SEX-10_DAD-SEX-10_EAR-SEX-10_GEL-SEX-10_ROB-SEX-10_PHI-SEX-8_SAW-SEX-8_SEX-TAR-8_SEX-YAY-8,AMP-10_CAB-10_DAD-10_EAR-10_GEL-10_ROB-10_PHI-8_SAW-8_TAR-8_YAY-8,0,inner
VOW-5,VOW,6,-62.43054341,69.62542098,26.85238563,DRY_FLY_FUN_OIL_PLY_REF_FAN_GIN_NAN_ZZZ_TAX_WIZ,DRY-VOW_FLY-VOW_FUN-VOW_OIL-VOW_PLY-VOW_REF-VOW_FAN-VOW_GIN-VOW_NAN-VOW_VOW-ZZZ_TAX-VOW_VOW-WIZ,DRY-VOW-5_FLY-VOW-5_FUN-VOW-5_OIL-VOW-5_REF-VOW-5_PLY-VOW-6_FAN-VOW-6_GIN-VOW-6_NAN-VOW-6_VOW-ZZZ-6_TAX-VOW-4_VOW-WIZ-6,DRY-5_FLY-5_FUN-5_OIL-5_REF-5_PLY-6_FAN-6_GIN-6_NAN-6_ZZZ-6_TAX-4_WIZ-4,0,inner
COY-12,COY,9,-80.29390641,-50.00527902,1.984625628,AGE_BED_CHI_NOR_ELK_KIT_ART_BUG_LAX_MAD,AGE-COY_BED-COY_CHI-COY_COY-NOR_COY-ELK_COY-KIT_ART-COY_BUG-COY_COY-LAX_COY-MAD,BED-COY-12_COY-NOR-12_ART-COY-12_BUG-COY-12_COY-LAX-12_COY-MAD-12_AGE-COY-9_CHI-COY-9_COY-ELK-9_COY-KIT-9,BED-12_NOR-12_ART-12_BUG-12_LAX-12_MAD-12_AGE-9_CHI-9_ELK-9_KIT-9,0,inner
AHI-7,AHI,7,39.02183059,34.45504998,64.71688063,NIL_YES_ERA_IRE_EON_JUG,AHI-NIL_AHI-YES_AHI-ERA_AHI-IRE_AHI-EON_AHI-JUG,AHI-NIL-7_AHI-YES-7_AHI-ERA-7_AHI-IRE-7_AHI-EON-7_AHI-JUG-7,NIL-7_YES-7_ERA-7_IRE-7_EON-7_JUG-6,0,outer
TRY-6,TRY,6,-39.11595341,-19.65037802,71.77933563,ACT_DUH_FOG_SOY_TAU_LAM,ACT-TRY_DUH-TRY_FOG-TRY_SOY-TRY_TAU-TRY_LAM-TRY,ACT-TRY-6_DUH-TRY-6_FOG-TRY-6_SOY-TRY-6_TAU-TRY-6_LAM-TRY-12,ACT-6_DUH-6_FOG-6_SOY-6_TAU-6_LAM-12,0,outer
DUB-5,DUB,5,40.70018759,99.97916498,31.93446463,ARM_WAR_WET_ELF_ADO_TOY,ARM-DUB_DUB-WAR_DUB-WET_DUB-ELF_ADO-DUB_DUB-TOY,ARM-DUB-1_DUB-WET-1_DUB-ELF-1_DUB-WAR-5_ADO-DUB-5_DUB-TOY-5,ARM-1_WET-1_ELF-1_WAR-5_ADO-5_TOY-5,0,outer
EGG-10,EGG,10,4.830568594,-149.573482,21.92542263,ALL_DAD_RUG_PIG_FOR_MOO,ALL-EGG_DAD-EGG_EGG-RUG_EGG-PIG_EGG-FOR_EGG-MOO,ALL-EGG-10_DAD-EGG-10_EGG-RUG-10_EGG-PIG-10_EGG-FOR-10_EGG-MOO-10,ALL-10_DAD-10_RUG-10_PIG-10_FOR-10_MOO-10,0,outer
DUB-1,DUB,5,43.10971859,102.496384,29.54441263,ARM_WAR_WET_ELF_ADO_TOY,ARM-DUB_DUB-WAR_DUB-WET_DUB-ELF_ADO-DUB_DUB-TOY,ARM-DUB-1_DUB-WET-1_DUB-ELF-1_DUB-WAR-5_ADO-DUB-5_DUB-TOY-5,ARM-1_WET-1_ELF-1_WAR-5_ADO-5_TOY-5,0,outer
BAR-4,BAR,9,-107.2781254,-27.39621002,-61.13785137,CUP_FLU_DOG_AGE_SIR_ONO,BAR-CUP_BAR-FLU_BAR-DOG_AGE-BAR_BAR-SIR_BAR-ONO,BAR-CUP-4_BAR-FLU-4_BAR-DOG-4_AGE-BAR-9_BAR-SIR-9_BAR-ONO-9,CUP-4_FLU-4_DOG-4_AGE-9_SIR-9_ONO-9,0,outer
FIX-11,FIX,7,74.09911959,-9.163696017,23.39753763,ACE_EYE_MAC_POP_IVY_YES_AIR_COW_ODD_GAS_GIG_LUG,ACE-FIX_EYE-FIX_FIX-MAC_FIX-POP_FIX-IVY_FIX-YES_AIR-FIX_COW-FIX_FIX-ODD_FIX-GAS_FIX-GIG_FIX-LUG,FIX-MAC-11_AIR-FIX-11_COW-FIX-11_FIX-ODD-11_FIX-GAS-11_FIX-GIG-11_FIX-LUG-11_ACE-FIX-7_EYE-FIX-7_FIX-POP-7_FIX-IVY-7_FIX-YES-7,MAC-11_AIR-11_COW-11_ODD-11_GAS-11_GIG-11_LUG-11_ACE-7_EYE-7_POP-7_IVY-7_YES-7,0,inner
VAN-4,VAN,4,-112.5420554,21.71477298,-72.36783537,BOX_CUP_FLU_GYM_HUG_PAW,BOX-VAN_CUP-VAN_FLU-VAN_GYM-VAN_HUG-VAN_PAW-VAN,BOX-VAN-4_CUP-VAN-4_FLU-VAN-4_GYM-VAN-4_HUG-VAN-4_PAW-VAN-4,BOX-4_CUP-4_FLU-4_GYM-4_HUG-4_PAW-4,0,outer
FLY-3,FLY,5,-84.06863141,96.82086198,-1.491527372,AGO_ALA_OIL_OAR_TAX_DRY_VOW_WIZ,AGO-FLY_ALA-FLY_FLY-OIL_FLY-OAR_FLY-TAX_DRY-FLY_FLY-VOW_FLY-WIZ,AGO-FLY-3_ALA-FLY-3_FLY-OAR-3_FLY-TAX-3_FLY-OIL-5_DRY-FLY-5_FLY-VOW-5_FLY-WIZ-5,AGO-3_ALA-3_OAR-3_TAX-3_OIL-5_DRY-5_VOW-5_WIZ-4,0,outer
FLY-5,FLY,5,-82.18924841,94.36766498,1.048107628,AGO_ALA_OIL_OAR_TAX_DRY_VOW_WIZ,AGO-FLY_ALA-FLY_FLY-OIL_FLY-OAR_FLY-TAX_DRY-FLY_FLY-VOW_FLY-WIZ,AGO-FLY-3_ALA-FLY-3_FLY-OAR-3_FLY-TAX-3_FLY-OIL-5_DRY-FLY-5_FLY-VOW-5_FLY-WIZ-5,AGO-3_ALA-3_OAR-3_TAX-3_OIL-5_DRY-5_VOW-5_WIZ-4,0,outer
OFF-2,OFF,2,79.07137459,60.63561298,-81.79092937,ASK_CIS_GUN_TAG_ORC_FRO_WHO,ASK-OFF_CIS-OFF_GUN-OFF_OFF-TAG_OFF-ORC_FRO-OFF_OFF-WHO,ASK-OFF-2_CIS-OFF-2_GUN-OFF-2_OFF-TAG-2_OFF-ORC-2_FRO-OFF-1_OFF-WHO-2,ASK-2_CIS-2_GUN-2_TAG-2_ORC-2_FRO-1_WHO-1,1,inner
YES-7,YES,7,54.23545259,26.39750798,41.98318563,ACE_AHI_EON_ERA_FIX_IRE_MAC_NIL_POP_WET_GIG,ACE-YES_AHI-YES_EON-YES_ERA-YES_FIX-YES_IRE-YES_MAC-YES_NIL-YES_POP-YES_WET-YES_GIG-YES,ACE-YES-7_AHI-YES-7_EON-YES-7_ERA-YES-7_FIX-YES-7_IRE-YES-7_MAC-YES-7_NIL-YES-7_POP-YES-7_WET-YES-7_GIG-YES-14,ACE-7_AHI-7_EON-7_ERA-7_FIX-7_IRE-7_MAC-7_NIL-7_POP-7_WET-7_GIG-14,0,inner
ASK-2,ASK,2,100.5588706,65.11660398,-67.54861437,ORC_GUN_TUB_OFF_TAG_FRO,ASK-ORC_ASK-GUN_ASK-TUB_ASK-OFF_ASK-TAG_ASK-FRO,ASK-ORC-2_ASK-GUN-2_ASK-TUB-2_ASK-OFF-2_ASK-TAG-2_ASK-FRO-2,ORC-2_GUN-2_TUB-2_OFF-2_TAG-2_FRO-1,0,outer
INK-3,INK,3,-53.10752641,133.549724,-22.66342337,ALA_GUT_MAY_RUM_OIL_SHY,ALA-INK_GUT-INK_INK-MAY_INK-RUM_INK-OIL_INK-SHY,ALA-INK-3_GUT-INK-3_INK-MAY-3_INK-RUM-3_INK-OIL-3_INK-SHY-3,ALA-3_GUT-3_MAY-3_RUM-3_OIL-3_SHY-5,0,outer
ICE-6,ICE,6,-101.6621224,2.311318983,18.75995663,BED_GIN_SAY_HAM_LAX_MAD,BED-ICE_GIN-ICE_ICE-SAY_HAM-ICE_ICE-LAX_ICE-MAD,BED-ICE-4_ICE-SAY-4_GIN-ICE-6_HAM-ICE-6_ICE-LAX-6_ICE-MAD-6,BED-4_SAY-4_GIN-6_HAM-6_LAX-6_MAD-12,0,outer
ICE-4,ICE,6,-101.4324874,2.363567983,14.99575363,BED_GIN_SAY_HAM_LAX_MAD,BED-ICE_GIN-ICE_ICE-SAY_HAM-ICE_ICE-LAX_ICE-MAD,BED-ICE-4_ICE-SAY-4_GIN-ICE-6_HAM-ICE-6_ICE-LAX-6_ICE-MAD-6,BED-4_SAY-4_GIN-6_HAM-6_LAX-6_MAD-12,0,outer
TAT-9,TAT,9,-57.91414741,-66.76327302,-74.08673237,COP_ELK_ONO_SIR_USE,COP-TAT_ELK-TAT_ONO-TAT_SIR-TAT_TAT-USE,COP-TAT-9_ELK-TAT-9_ONO-TAT-9_SIR-TAT-9_TAT-USE-9,COP-9_ELK-9_ONO-9_SIR-9_USE-9,1,inner
ZAP-13,ZAP,13,-18.45769141,-88.78774802,49.77636063,GOO_HOT_LAB_LIE_OLD_PIG_PRO_TAU_YAK_BUG,GOO-ZAP_HOT-ZAP_LAB-ZAP_LIE-ZAP_OLD-ZAP_PIG-ZAP_PRO-ZAP_TAU-ZAP_YAK-ZAP_BUG-ZAP,GOO-ZAP-13_HOT-ZAP-13_LAB-ZAP-13_LIE-ZAP-13_OLD-ZAP-13_PIG-ZAP-13_PRO-ZAP-13_TAU-ZAP-13_YAK-ZAP-13_BUG-ZAP-12,GOO-13_HOT-13_LAB-13_LIE-13_OLD-13_PIG-13_PRO-13_TAU-13_YAK-13_BUG-12,0,inner
HOT-13,HOT,13,4.710215594,-98.76846102,58.92129363,PRO_PIG_ZAP_JAM_OLD_LIE,HOT-PRO_HOT-PIG_HOT-ZAP_HOT-JAM_HOT-OLD_HOT-LIE,HOT-PRO-13_HOT-PIG-13_HOT-ZAP-13_HOT-JAM-13_HOT-OLD-13_HOT-LIE-13,PRO-13_PIG-13_ZAP-13_JAM-13_OLD-13_LIE-13,0,outer
DUI-2,DUI,2,97.20427659,55.49964198,-20.27930937,DIG_HIT_SKY_TUB_GUN_SUN_TAG_IVY_NOM_ACE,DIG-DUI_DUI-HIT_DUI-SKY_DUI-TUB_DUI-GUN_DUI-SUN_DUI-TAG_DUI-IVY_DUI-NOM_ACE-DUI,DIG-DUI-2_DUI-HIT-2_DUI-SKY-2_DUI-TUB-2_DUI-GUN-2_DUI-SUN-2_DUI-TAG-2_DUI-IVY-2_DUI-NOM-2_ACE-DUI-7,DIG-2_HIT-2_SKY-2_TUB-2_GUN-2_SUN-2_TAG-2_IVY-2_NOM-2_ACE-7,0,inner
FOX-2,FOX,2,113.4612856,14.11545098,-39.83334437,BOY_ETA_SKY_IVY_TUX_TAG,BOY-FOX_ETA-FOX_FOX-SKY_FOX-IVY_FOX-TUX_FOX-TAG,BOY-FOX-2_ETA-FOX-2_FOX-SKY-2_FOX-IVY-2_FOX-TUX-2_FOX-TAG-2,BOY-2_ETA-2_SKY-2_IVY-2_TUX-2_TAG-2,0,outer
FRO-1,FRO,1,83.11559959,92.49394598,-76.93202537,RAW_WHO_GUN_ASK_OFF,FRO-RAW_FRO-WHO_FRO-GUN_ASK-FRO_FRO-OFF,FRO-RAW-1_FRO-WHO-1_FRO-GUN-1_ASK-FRO-2_FRO-OFF-1,RAW-1_WHO-1_GUN-1_ASK-2_OFF-2,0,outer
ELK-9,ELK,9,-74.04124941,-76.36781602,-38.83893637,AGE_COP_COY_WIG_SIR_NOR_USE_KIT_TAT_WOW_ONO,AGE-ELK_COP-ELK_COY-ELK_ELK-WIG_ELK-SIR_ELK-NOR_ELK-USE_ELK-KIT_ELK-TAT_ELK-WOW_ELK-ONO,AGE-ELK-9_COP-ELK-9_COY-ELK-9_ELK-WIG-9_ELK-SIR-9_ELK-NOR-9_ELK-USE-9_ELK-KIT-9_ELK-TAT-9_ELK-WOW-9_ELK-ONO-9,AGE-9_COP-9_COY-9_WIG-9_SIR-9_NOR-9_USE-9_KIT-9_TAT-9_WOW-9_ONO-9,0,inner
ACT-6,ACT,6,-51.10642441,-19.28789502,48.41176363,TRY_DUH_NAN_TAU_SOY_HAM_LAX_BUG_ASH_LAM,ACT-TRY_ACT-DUH_ACT-NAN_ACT-TAU_ACT-SOY_ACT-HAM_ACT-LAX_ACT-BUG_ACT-ASH_ACT-LAM,ACT-BUG-12_ACT-ASH-12_ACT-LAM-12_ACT-TRY-6_ACT-DUH-6_ACT-NAN-6_ACT-TAU-6_ACT-SOY-6_ACT-HAM-6_ACT-LAX-6,BUG-12_ASH-12_LAM-12_TRY-6_DUH-6_NAN-6_TAU-6_SOY-6_HAM-6_LAX-6,0,inner
HIP-10,HIP,10,-32.92354741,-153.773805,-17.57409037,FOR_GET_SAD_WOW_RUG_NEW,FOR-HIP_GET-HIP_HIP-SAD_HIP-WOW_HIP-RUG_HIP-NEW,FOR-HIP-10_GET-HIP-10_HIP-SAD-10_HIP-WOW-10_HIP-RUG-10_HIP-NEW-10,FOR-10_GET-10_SAD-10_WOW-10_RUG-10_NEW-10,0,outer
WIN-8,WIN,8,97.42435959,-41.22449302,-65.29166837,BAH_BAM_ETA_HAY_JAR_PAY,BAH-WIN_BAM-WIN_ETA-WIN_HAY-WIN_JAR-WIN_PAY-WIN,BAH-WIN-8_BAM-WIN-8_ETA-WIN-8_HAY-WIN-8_JAR-WIN-8_PAY-WIN-8,BAH-8_BAM-8_ETA-8_HAY-8_JAR-8_PAY-8,0,outer
RAW-1,RAW,1,76.51529459,115.720687,-61.04676337,FRO_GUN_JOY_LEG_SPY_WHO,FRO-RAW_GUN-RAW_JOY-RAW_LEG-RAW_RAW-SPY_RAW-WHO,FRO-RAW-1_GUN-RAW-1_JOY-RAW-1_LEG-RAW-1_RAW-SPY-1_RAW-WHO-1,FRO-1_GUN-1_JOY-1_LEG-1_SPY-1_WHO-1,0,outer
HOW-5,HOW,5,3.807477594,116.592725,4.278644628,ELF_GAL_WAR_PIE_ADO_BOA_REF_RUM_SHY,ELF-HOW_GAL-HOW_HOW-WAR_HOW-PIE_ADO-HOW_BOA-HOW_HOW-REF_HOW-RUM_HOW-SHY,ELF-HOW-1_GAL-HOW-1_HOW-PIE-1_HOW-WAR-5_ADO-HOW-5_BOA-HOW-5_HOW-REF-5_HOW-RUM-5_HOW-SHY-5,ELF-1_GAL-1_PIE-1_WAR-5_ADO-5_BOA-5_REF-5_RUM-5_SHY-5,0,inner
JOB-5,JOB,5,3.845794594,74.53298798,59.56868863,ADO_NAY_NIL_JUG_TOY_PLY,ADO-JOB_JOB-NAY_JOB-NIL_JOB-JUG_JOB-TOY_JOB-PLY,ADO-JOB-5_JOB-NAY-5_JOB-NIL-5_JOB-JUG-5_JOB-TOY-5_JOB-PLY-5,ADO-5_NAY-5_NIL-5_JUG-5_TOY-5_PLY-5,0,outer
SAY-4,SAY,4,-108.8266474,31.44797198,-6.289134372,BED_DAY_GIN_ICE_PAW_TAX_WIZ_ZIG,BED-SAY_DAY-SAY_GIN-SAY_ICE-SAY_PAW-SAY_SAY-TAX_SAY-WIZ_SAY-ZIG,BED-SAY-4_DAY-SAY-4_GIN-SAY-4_ICE-SAY-4_PAW-SAY-4_SAY-TAX-4_SAY-WIZ-4_SAY-ZIG-4,BED-4_DAY-4_GIN-4_ICE-4_PAW-4_TAX-4_WIZ-4_ZIG-4,0,outer
ALA-3,ALA,3,-74.19261141,120.025893,-24.32966137,AGO_OIL_INK_FLY_GUT_MIX,AGO-ALA_ALA-OIL_ALA-INK_ALA-FLY_ALA-GUT_ALA-MIX,AGO-ALA-3_ALA-OIL-3_ALA-INK-3_ALA-FLY-3_ALA-GUT-3_ALA-MIX-3,AGO-3_OIL-3_INK-3_FLY-3_GUT-3_MIX-3,0,outer
EGO-3,EGO,3,-99.14678941,74.90171698,-80.80211637,AIM_GYM_MOM_LID_OAR_BOX,AIM-EGO_EGO-GYM_EGO-MOM_EGO-LID_EGO-OAR_BOX-EGO,AIM-EGO-3_EGO-GYM-3_EGO-MOM-3_EGO-LID-3_EGO-OAR-3_BOX-EGO-4,AIM-3_GYM-3_MOM-3_LID-3_OAR-3_BOX-4,0,outer
MOO-10,MOO,10,31.52915659,-135.876097,28.76128663,DAD_EAR_EGG_GEL_PIG_JAM,DAD-MOO_EAR-MOO_EGG-MOO_GEL-MOO_MOO-PIG_JAM-MOO,DAD-MOO-10_EAR-MOO-10_EGG-MOO-10_GEL-MOO-10_MOO-PIG-10_JAM-MOO-13,DAD-10_EAR-10_EGG-10_GEL-10_PIG-10_JAM-13,0,outer
OIL-3,OIL,5,-57.16906441,104.268151,-4.853784372,AGO_ALA_FLY_GUT_INK_RUM_TAX_DRY_VOW_SHY_REF,AGO-OIL_ALA-OIL_FLY-OIL_GUT-OIL_INK-OIL_OIL-RUM_OIL-TAX_DRY-OIL_OIL-VOW_OIL-SHY_OIL-REF,AGO-OIL-3_ALA-OIL-3_GUT-OIL-3_INK-OIL-3_OIL-TAX-3_FLY-OIL-5_OIL-RUM-5_DRY-OIL-5_OIL-VOW-5_OIL-SHY-5_OIL-REF-5,AGO-3_ALA-3_GUT-3_INK-3_TAX-3_FLY-5_RUM-5_DRY-5_VOW-5_SHY-5_REF-5,0,inner
MAC-11,MAC,7,68.15962259,-3.122933017,49.85057663,FIX_IRE_POP_YES_AIR_GIG,FIX-MAC_IRE-MAC_MAC-POP_MAC-YES_AIR-MAC_GIG-MAC,FIX-MAC-11_AIR-MAC-11_GIG-MAC-11_IRE-MAC-7_MAC-POP-7_MAC-YES-7,FIX-11_AIR-11_GIG-11_IRE-7_POP-7_YES-7,0,outer
BED-12,BED,9,-94.74560041,-9.822877017,-9.187424372,ICE_DOG_SAY_GIN_PAW_CUP_DAY_AGE_COY_CHI_MAD_LAX,BED-ICE_BED-DOG_BED-SAY_BED-GIN_BED-PAW_BED-CUP_BED-DAY_AGE-BED_BED-COY_BED-CHI_BED-MAD_BED-LAX,BED-COY-12_BED-MAD-12_BED-LAX-12_BED-ICE-4_BED-DOG-4_BED-SAY-4_BED-GIN-4_BED-PAW-4_BED-CUP-4_BED-DAY-4_AGE-BED-9_BED-CHI-9,COY-12_MAD-12_LAX-12_ICE-4_DOG-4_SAY-4_GIN-4_PAW-4_CUP-4_DAY-4_AGE-9_CHI-9,0,inner
COY-9,COY,9,-80.74662941,-50.26531802,-1.981156372,AGE_BED_CHI_NOR_ELK_KIT_ART_BUG_LAX_MAD,AGE-COY_BED-COY_CHI-COY_COY-NOR_COY-ELK_COY-KIT_ART-COY_BUG-COY_COY-LAX_COY-MAD,BED-COY-12_COY-NOR-12_ART-COY-12_BUG-COY-12_COY-LAX-12_COY-MAD-12_AGE-COY-9_CHI-COY-9_COY-ELK-9_COY-KIT-9,BED-12_NOR-12_ART-12_BUG-12_LAX-12_MAD-12_AGE-9_CHI-9_ELK-9_KIT-9,0,inner
NAY-5,NAY,5,-14.06673741,88.98864298,50.76425863,ADO_BOA_FUN_JOB_PLY_REF,ADO-NAY_BOA-NAY_FUN-NAY_JOB-NAY_NAY-PLY_NAY-REF,ADO-NAY-5_BOA-NAY-5_FUN-NAY-5_JOB-NAY-5_NAY-PLY-5_NAY-REF-5,ADO-5_BOA-5_FUN-5_JOB-5_PLY-5_REF-5,0,outer
YAK-13,YAK,12,-44.92779141,-95.14453702,49.47698363,BUG_FIG_GOO_LAB_PRO_ZAP,BUG-YAK_FIG-YAK_GOO-YAK_LAB-YAK_PRO-YAK_YAK-ZAP,GOO-YAK-13_LAB-YAK-13_PRO-YAK-13_YAK-ZAP-13_BUG-YAK-12_FIG-YAK-12,GOO-13_LAB-13_PRO-13_ZAP-13_BUG-12_FIG-12,0,outer
YAK-12,YAK,12,-47.02312041,-91.34388602,49.32608163,BUG_FIG_GOO_LAB_PRO_ZAP,BUG-YAK_FIG-YAK_GOO-YAK_LAB-YAK_PRO-YAK_YAK-ZAP,GOO-YAK-13_LAB-YAK-13_PRO-YAK-13_YAK-ZAP-13_BUG-YAK-12_FIG-YAK-12,GOO-13_LAB-13_PRO-13_ZAP-13_BUG-12_FIG-12,0,outer
FOG-6,FOG,6,-14.02564141,-21.90110802,77.66722063,TAU_TRY_RIB_SOY_LAW_OLD,FOG-TAU_FOG-TRY_FOG-RIB_FOG-SOY_FOG-LAW_FOG-OLD,FOG-TAU-14_FOG-RIB-14_FOG-LAW-14_FOG-OLD-14_FOG-TRY-6_FOG-SOY-6,TAU-14_RIB-14_LAW-14_OLD-14_TRY-6_SOY-6,0,outer
HOW-1,HOW,5,6.326552594,118.044822,1.885876628,ELF_GAL_WAR_PIE_ADO_BOA_REF_RUM_SHY,ELF-HOW_GAL-HOW_HOW-WAR_HOW-PIE_ADO-HOW_BOA-HOW_HOW-REF_HOW-RUM_HOW-SHY,ELF-HOW-1_GAL-HOW-1_HOW-PIE-1_HOW-WAR-5_ADO-HOW-5_BOA-HOW-5_HOW-REF-5_HOW-RUM-5_HOW-SHY-5,ELF-1_GAL-1_PIE-1_WAR-5_ADO-5_BOA-5_REF-5_RUM-5_SHY-5,0,inner
EON-7,EON,7,62.85992059,51.31187898,48.11208163,ACE_AHI_BRO_YES_WET_POP_NIL_TOY,ACE-EON_AHI-EON_BRO-EON_EON-YES_EON-WET_EON-POP_EON-NIL_EON-TOY,ACE-EON-7_AHI-EON-7_BRO-EON-7_EON-YES-7_EON-WET-7_EON-POP-7_EON-NIL-7_EON-TOY-7,ACE-7_AHI-7_BRO-7_YES-7_WET-7_POP-7_NIL-7_TOY-7,0,outer
FAN-6,FAN,6,-53.57925541,51.12708598,53.57610463,VOW_MOP_PLY_ZZZ_NAN_FUN,FAN-VOW_FAN-MOP_FAN-PLY_FAN-ZZZ_FAN-NAN_FAN-FUN,FAN-VOW-6_FAN-MOP-6_FAN-PLY-6_FAN-ZZZ-6_FAN-NAN-6_FAN-FUN-6,VOW-6_MOP-6_PLY-6_ZZZ-6_NAN-6_FUN-5,0,outer
ZZZ-6,ZZZ,6,-79.23398341,42.81055598,41.84575163,FAN_GIN_HAM_NAN_VOW_WIZ,FAN-ZZZ_GIN-ZZZ_HAM-ZZZ_NAN-ZZZ_VOW-ZZZ_WIZ-ZZZ,FAN-ZZZ-6_GIN-ZZZ-6_HAM-ZZZ-6_NAN-ZZZ-6_VOW-ZZZ-6_WIZ-ZZZ-4,FAN-6_GIN-6_HAM-6_NAN-6_VOW-6_WIZ-4,0,outer
DIG-2,DIG,2,99.36351259,82.04294498,-25.19441537,GUN_NOM_HIT_DUI_TUB_JOY,DIG-GUN_DIG-NOM_DIG-HIT_DIG-DUI_DIG-TUB_DIG-JOY,DIG-GUN-2_DIG-NOM-2_DIG-HIT-2_DIG-DUI-2_DIG-TUB-2_DIG-JOY-2,GUN-2_NOM-2_HIT-2_DUI-2_TUB-2_JOY-1,0,outer
LEG-1,LEG,1,53.69602259,137.684574,-68.68453837,OVA_SPY_WHO_RAW_NIX,LEG-OVA_LEG-SPY_LEG-WHO_LEG-RAW_LEG-NIX,LEG-OVA-1_LEG-SPY-1_LEG-WHO-1_LEG-RAW-1_LEG-NIX-1,OVA-1_SPY-1_WHO-1_RAW-1_NIX-1,0,outer
AMP-8,AMP,8,53.95782659,-110.233246,-46.81392637,SEX_YAY_SAW_ROB_CAB,AMP-SEX_AMP-YAY_AMP-SAW_AMP-ROB_AMP-CAB,AMP-SEX-10_AMP-ROB-10_AMP-CAB-10_AMP-YAY-8_AMP-SAW-8,SEX-10_ROB-10_CAB-10_YAY-8_SAW-8,1,outer
USE-9,USE,9,-66.40635841,-98.69556402,-51.81747737,COP_ELK_ONO_TAT_WOW_WIG_NEW,COP-USE_ELK-USE_ONO-USE_TAT-USE_USE-WOW_USE-WIG_NEW-USE,COP-USE-9_ELK-USE-9_ONO-USE-9_TAT-USE-9_USE-WOW-9_USE-WIG-9_NEW-USE-10,COP-9_ELK-9_ONO-9_TAT-9_WOW-9_WIG-9_NEW-10,0,outer
EAR-10,EAR,10,46.59295959,-108.725841,23.04261663,DAD_MOO_GEL_PIG_SEX_COW_LIE_JAM_WAS_ZOO_TAR_PHI,DAD-EAR_EAR-MOO_EAR-GEL_EAR-PIG_EAR-SEX_COW-EAR_EAR-LIE_EAR-JAM_EAR-WAS_EAR-ZOO_EAR-TAR_EAR-PHI,COW-EAR-11_EAR-LIE-11_EAR-JAM-11_EAR-WAS-11_EAR-ZOO-11_EAR-TAR-11_EAR-PHI-11_DAD-EAR-10_EAR-MOO-10_EAR-GEL-10_EAR-PIG-10_EAR-SEX-10,COW-11_LIE-11_JAM-11_WAS-11_ZOO-11_TAR-11_PHI-11_DAD-10_MOO-10_GEL-10_PIG-10_SEX-10,0,inner
DUH-6,DUH,6,-51.47386841,5.233506983,63.54871163,ACT_TRY_NAN_MOP_SOY_HAM,ACT-DUH_DUH-TRY_DUH-NAN_DUH-MOP_DUH-SOY_DUH-HAM,ACT-DUH-6_DUH-TRY-6_DUH-NAN-6_DUH-MOP-6_DUH-SOY-6_DUH-HAM-6,ACT-6_TRY-6_NAN-6_MOP-6_SOY-6_HAM-6,0,outer
YAY-8,YAY,8,52.54010159,-78.35575402,-52.84782737,AMP_BAM_HAY_JAR_SAW_SEX_TAR_CAB,AMP-YAY_BAM-YAY_HAY-YAY_JAR-YAY_SAW-YAY_SEX-YAY_TAR-YAY_CAB-YAY,AMP-YAY-8_BAM-YAY-8_HAY-YAY-8_JAR-YAY-8_SAW-YAY-8_SEX-YAY-8_TAR-YAY-8_CAB-YAY-10,AMP-8_BAM-8_HAY-8_JAR-8_SAW-8_SEX-8_TAR-8_CAB-10,1,inner
FOG-14,FOG,6,-11.92286041,-24.93838202,78.58385063,TAU_TRY_RIB_SOY_LAW_OLD,FOG-TAU_FOG-TRY_FOG-RIB_FOG-SOY_FOG-LAW_FOG-OLD,FOG-TAU-14_FOG-RIB-14_FOG-LAW-14_FOG-OLD-14_FOG-TRY-6_FOG-SOY-6,TAU-14_RIB-14_LAW-14_OLD-14_TRY-6_SOY-6,0,outer
KEY-12,KEY,9,-69.18783341,-117.131377,11.78622063,WOW_NOR_WIG_FIG_GOO_SAD,KEY-WOW_KEY-NOR_KEY-WIG_FIG-KEY_GOO-KEY_KEY-SAD,KEY-NOR-12_FIG-KEY-12_GOO-KEY-12_KEY-WOW-9_KEY-WIG-9_KEY-SAD-9,NOR-12_FIG-12_GOO-12_WOW-9_WIG-9_SAD-10,0,outer
WAX-3,WAX,3,-61.03240041,113.301845,-94.98505137,AIM_GUT_HEX_LID_MIX_MOM_SIP,AIM-WAX_GUT-WAX_HEX-WAX_LID-WAX_MIX-WAX_MOM-WAX_SIP-WAX,AIM-WAX-3_GUT-WAX-3_HEX-WAX-3_LID-WAX-3_MIX-WAX-3_MOM-WAX-3_SIP-WAX-3,AIM-3_GUT-3_HEX-3_LID-3_MIX-3_MOM-3_SIP-3,1,inner
ERA-14,ERA,6,13.73802359,14.67203198,62.12956063,JUG_RIB_SOY_PLY_AHI_IRE_YES_NIL_GIG_LAW,ERA-JUG_ERA-RIB_ERA-SOY_ERA-PLY_AHI-ERA_ERA-IRE_ERA-YES_ERA-NIL_ERA-GIG_ERA-LAW,ERA-RIB-14_ERA-IRE-14_ERA-GIG-14_ERA-LAW-14_AHI-ERA-7_ERA-YES-7_ERA-NIL-7_ERA-JUG-6_ERA-SOY-6_ERA-PLY-6,RIB-14_IRE-14_GIG-14_LAW-14_AHI-7_YES-7_NIL-7_JUG-6_SOY-6_PLY-6,0,inner
MAC-7,MAC,7,68.15962259,1.329739983,49.85057663,FIX_IRE_POP_YES_AIR_GIG,FIX-MAC_IRE-MAC_MAC-POP_MAC-YES_AIR-MAC_GIG-MAC,FIX-MAC-11_AIR-MAC-11_GIG-MAC-11_IRE-MAC-7_MAC-POP-7_MAC-YES-7,FIX-11_AIR-11_GIG-11_IRE-7_POP-7_YES-7,0,outer
NOR-12,NOR,9,-75.85383241,-91.25010502,5.971789628,COY_ELK_KEY_KIT_WIG_WOW_ART_BUG_FIG_GOO,COY-NOR_ELK-NOR_KEY-NOR_KIT-NOR_NOR-WIG_NOR-WOW_ART-NOR_BUG-NOR_FIG-NOR_GOO-NOR,COY-NOR-12_KEY-NOR-12_ART-NOR-12_BUG-NOR-12_FIG-NOR-12_GOO-NOR-12_ELK-NOR-9_KIT-NOR-9_NOR-WIG-9_NOR-WOW-9,COY-12_KEY-12_ART-12_BUG-12_FIG-12_GOO-12_ELK-9_KIT-9_WIG-9_WOW-9,0,inner
NIX-1,NIX,1,19.61778759,146.65104,-71.21173037,LEG_SPY_OVA_WHO_PIE,LEG-NIX_NIX-SPY_NIX-OVA_NIX-WHO_NIX-PIE,LEG-NIX-1_NIX-SPY-1_NIX-OVA-1_NIX-WHO-1_NIX-PIE-1,LEG-1_SPY-1_OVA-1_WHO-1_PIE-1,1,inner
RIB-6,RIB,6,-1.325779406,0.831416983,77.87267963,ERA_FOG_JUG_SOY_IRE_LAW,ERA-RIB_FOG-RIB_JUG-RIB_RIB-SOY_IRE-RIB_LAW-RIB,ERA-RIB-14_FOG-RIB-14_IRE-RIB-14_LAW-RIB-14_JUG-RIB-6_RIB-SOY-6,ERA-14_FOG-14_IRE-14_LAW-14_JUG-6_SOY-6,0,outer
BIO-1,BIO,1,66.46786359,118.555503,-9.524659372,ARM_ELF_JOY_NOM_RAD_SPY,ARM-BIO_BIO-ELF_BIO-JOY_BIO-NOM_BIO-RAD_BIO-SPY,ARM-BIO-1_BIO-ELF-1_BIO-JOY-1_BIO-NOM-1_BIO-RAD-1_BIO-SPY-1,ARM-1_ELF-1_JOY-1_NOM-1_RAD-1_SPY-1,0,outer
HUG-4,HUG,4,-93.46122141,17.77017398,-89.94626137,BOX_CUP_FLU_GYM_VAN_SIR_LID,BOX-HUG_CUP-HUG_FLU-HUG_GYM-HUG_HUG-VAN_HUG-SIR_HUG-LID,BOX-HUG-4_CUP-HUG-4_FLU-HUG-4_GYM-HUG-4_HUG-VAN-4_HUG-SIR-4_HUG-LID-4,BOX-4_CUP-4_FLU-4_GYM-4_VAN-4_SIR-9_LID-3,1,inner
LAB-13,LAB,12,-37.12603241,-72.32935502,62.35637563,BUG_LAM_YAK_TAU_ZAP_OLD,BUG-LAB_LAB-LAM_LAB-YAK_LAB-TAU_LAB-ZAP_LAB-OLD,LAB-YAK-13_LAB-TAU-13_LAB-ZAP-13_LAB-OLD-13_BUG-LAB-12_LAB-LAM-12,YAK-13_TAU-13_ZAP-13_OLD-13_BUG-12_LAM-12,0,outer
LAB-12,LAB,12,-39.22136141,-68.52870402,62.20547263,BUG_LAM_YAK_TAU_ZAP_OLD,BUG-LAB_LAB-LAM_LAB-YAK_LAB-TAU_LAB-ZAP_LAB-OLD,LAB-YAK-13_LAB-TAU-13_LAB-ZAP-13_LAB-OLD-13_BUG-LAB-12_LAB-LAM-12,YAK-13_TAU-13_ZAP-13_OLD-13_BUG-12_LAM-12,0,outer
EYE-7,EYE,7,97.34155959,14.98342398,16.20123563,ACE_SUN_FIX_IVY_POP_GAS,ACE-EYE_EYE-SUN_EYE-FIX_EYE-IVY_EYE-POP_EYE-GAS,ACE-EYE-7_EYE-SUN-7_EYE-FIX-7_EYE-IVY-7_EYE-POP-7_EYE-GAS-7,ACE-7_SUN-7_FIX-7_IVY-7_POP-7_GAS-11,0,outer
OLD-13,OLD,14,1.174937594,-65.18592102,70.88896363,HOT_LAB_LIE_TAU_ZAP_EVE_FOG_LAW,HOT-OLD_LAB-OLD_LIE-OLD_OLD-TAU_OLD-ZAP_EVE-OLD_FOG-OLD_LAW-OLD,HOT-OLD-13_LAB-OLD-13_OLD-ZAP-13_LIE-OLD-14_OLD-TAU-14_EVE-OLD-14_FOG-OLD-14_LAW-OLD-14,HOT-13_LAB-13_ZAP-13_LIE-14_TAU-14_EVE-14_FOG-14_LAW-14,0,outer
GET-10,GET,10,-11.22186041,-141.007733,-35.38363137,CAB_COP_DAD_FOR_OAK_HIP_RUG_WOW_NEW,CAB-GET_COP-GET_DAD-GET_FOR-GET_GET-OAK_GET-HIP_GET-RUG_GET-WOW_GET-NEW,CAB-GET-10_COP-GET-10_DAD-GET-10_FOR-GET-10_GET-OAK-10_GET-HIP-10_GET-RUG-10_GET-WOW-10_GET-NEW-10,CAB-10_COP-10_DAD-10_FOR-10_OAK-10_HIP-10_RUG-10_WOW-10_NEW-10,1,inner
OAK-10,OAK,10,18.45301759,-148.691116,-31.06690737,CAB_DAD_FOR_GET_ROB,CAB-OAK_DAD-OAK_FOR-OAK_GET-OAK_OAK-ROB,CAB-OAK-10_DAD-OAK-10_FOR-OAK-10_GET-OAK-10_OAK-ROB-10,CAB-10_DAD-10_FOR-10_GET-10_ROB-10,1,outer
FAX-11,FAX,11,52.93065359,-53.90876502,53.84225463,AIR_COW_ZOO_LIE_GIG_EVE,AIR-FAX_COW-FAX_FAX-ZOO_FAX-LIE_FAX-GIG_EVE-FAX,AIR-FAX-11_COW-FAX-11_FAX-ZOO-11_FAX-LIE-11_FAX-GIG-11_EVE-FAX-14,AIR-11_COW-11_ZOO-11_LIE-11_GIG-11_EVE-14,0,outer
MIX-3,MIX,3,-82.31358541,116.370628,-59.92703137,AGO_AIM_ALA_GUT_HEX_MOM_OAR_WAX,AGO-MIX_AIM-MIX_ALA-MIX_GUT-MIX_HEX-MIX_MIX-MOM_MIX-OAR_MIX-WAX,AGO-MIX-3_AIM-MIX-3_ALA-MIX-3_GUT-MIX-3_HEX-MIX-3_MIX-MOM-3_MIX-OAR-3_MIX-WAX-3,AGO-3_AIM-3_ALA-3_GUT-3_HEX-3_MOM-3_OAR-3_WAX-3,0,outer
SEX-10,SEX,8,60.83833759,-123.218531,-17.84211037,AMP_PHI_SAW_TAR_YAY_CAB_DAD_EAR_GEL_ROB,AMP-SEX_PHI-SEX_SAW-SEX_SEX-TAR_SEX-YAY_CAB-SEX_DAD-SEX_EAR-SEX_GEL-SEX_ROB-SEX,AMP-SEX-10_CAB-SEX-10_DAD-SEX-10_EAR-SEX-10_GEL-SEX-10_ROB-SEX-10_PHI-SEX-8_SAW-SEX-8_SEX-TAR-8_SEX-YAY-8,AMP-10_CAB-10_DAD-10_EAR-10_GEL-10_ROB-10_PHI-8_SAW-8_TAR-8_YAY-8,0,inner
ETA-8,ETA,8,99.52760759,-14.70496602,-50.85733837,BAH_BOY_CIS_TUX_IVY_FOX_TAG_BAM_LUG_PAY_JAR_WIN,BAH-ETA_BOY-ETA_CIS-ETA_ETA-TUX_ETA-IVY_ETA-FOX_ETA-TAG_BAM-ETA_ETA-LUG_ETA-PAY_ETA-JAR_ETA-WIN,BAH-ETA-2_BOY-ETA-2_CIS-ETA-2_ETA-TUX-2_ETA-IVY-2_ETA-FOX-2_ETA-TAG-2_BAM-ETA-8_ETA-LUG-8_ETA-PAY-8_ETA-JAR-8_ETA-WIN-8,BAH-2_BOY-2_CIS-2_TUX-2_IVY-2_FOX-2_TAG-2_BAM-8_LUG-8_PAY-8_JAR-8_WIN-8,0,inner
ACT-12,ACT,6,-49.11285441,-22.85043002,48.08552363,TRY_DUH_NAN_TAU_SOY_HAM_LAX_BUG_ASH_LAM,ACT-TRY_ACT-DUH_ACT-NAN_ACT-TAU_ACT-SOY_ACT-HAM_ACT-LAX_ACT-BUG_ACT-ASH_ACT-LAM,ACT-BUG-12_ACT-ASH-12_ACT-LAM-12_ACT-TRY-6_ACT-DUH-6_ACT-NAN-6_ACT-TAU-6_ACT-SOY-6_ACT-HAM-6_ACT-LAX-6,BUG-12_ASH-12_LAM-12_TRY-6_DUH-6_NAN-6_TAU-6_SOY-6_HAM-6_LAX-6,0,inner
BRO-7,BRO,7,82.03459059,72.08309498,23.31367063,ACE_WET_EON_HIT_NOM_ARM,ACE-BRO_BRO-WET_BRO-EON_BRO-HIT_BRO-NOM_ARM-BRO,ACE-BRO-7_BRO-WET-7_BRO-EON-7_BRO-HIT-7_BRO-NOM-7_ARM-BRO-1,ACE-7_WET-7_EON-7_HIT-7_NOM-7_ARM-1,0,outer
ROB-10,ROB,10,41.82992959,-142.516761,-24.93582837,AMP_CAB_DAD_GEL_OAK_SEX,AMP-ROB_CAB-ROB_DAD-ROB_GEL-ROB_OAK-ROB_ROB-SEX,AMP-ROB-10_CAB-ROB-10_DAD-ROB-10_GEL-ROB-10_OAK-ROB-10_ROB-SEX-10,AMP-10_CAB-10_DAD-10_GEL-10_OAK-10_SEX-10,0,outer
RIB-14,RIB,6,0.777001594,-2.205857017,78.78930963,ERA_FOG_JUG_SOY_IRE_LAW,ERA-RIB_FOG-RIB_JUG-RIB_RIB-SOY_IRE-RIB_LAW-RIB,ERA-RIB-14_FOG-RIB-14_IRE-RIB-14_LAW-RIB-14_JUG-RIB-6_RIB-SOY-6,ERA-14_FOG-14_IRE-14_LAW-14_JUG-6_SOY-6,0,outer
COW-11,COW,11,60.75696259,-56.31003402,27.76317763,AIR_KEG_WAS_ODD_LIE_LUG_FIX_EAR_GIG_TAR_ZOO_FAX,AIR-COW_COW-KEG_COW-WAS_COW-ODD_COW-LIE_COW-LUG_COW-FIX_COW-EAR_COW-GIG_COW-TAR_COW-ZOO_COW-FAX,AIR-COW-11_COW-KEG-11_COW-WAS-11_COW-ODD-11_COW-LIE-11_COW-LUG-11_COW-FIX-11_COW-EAR-11_COW-GIG-11_COW-TAR-11_COW-ZOO-11_COW-FAX-11,AIR-11_KEG-11_WAS-11_ODD-11_LIE-11_LUG-11_FIX-11_EAR-11_GIG-11_TAR-11_ZOO-11_FAX-11,0,inner
NAN-6,NAN,6,-56.65210441,24.70875698,41.61903863,ACT_DUH_FAN_GIN_HAM_LAX_MOP_VOW_SOY_PLY_ZZZ,ACT-NAN_DUH-NAN_FAN-NAN_GIN-NAN_HAM-NAN_LAX-NAN_MOP-NAN_NAN-VOW_NAN-SOY_NAN-PLY_NAN-ZZZ,ACT-NAN-6_DUH-NAN-6_FAN-NAN-6_GIN-NAN-6_HAM-NAN-6_LAX-NAN-6_MOP-NAN-6_NAN-VOW-6_NAN-SOY-6_NAN-PLY-6_NAN-ZZZ-6,ACT-6_DUH-6_FAN-6_GIN-6_HAM-6_LAX-6_MOP-6_VOW-6_SOY-6_PLY-6_ZZZ-6,0,inner
ELF-1,ELF,1,42.59283659,109.975758,-1.147938372,ARM_BIO_DUB_WET_SPY_PIE_GAL_WAR_RAD_HOW_NOM_ADO,ARM-ELF_BIO-ELF_DUB-ELF_ELF-WET_ELF-SPY_ELF-PIE_ELF-GAL_ELF-WAR_ELF-RAD_ELF-HOW_ELF-NOM_ADO-ELF,ARM-ELF-1_BIO-ELF-1_DUB-ELF-1_ELF-WET-1_ELF-SPY-1_ELF-PIE-1_ELF-GAL-1_ELF-WAR-1_ELF-RAD-1_ELF-HOW-1_ELF-NOM-1_ADO-ELF-5,ARM-1_BIO-1_DUB-1_WET-1_SPY-1_PIE-1_GAL-1_WAR-1_RAD-1_HOW-1_NOM-1_ADO-5,0,inner
HEX-3,HEX,3,-57.82588741,138.550331,-73.40293337,GUT_SIP_MAY_WAX_MIX,GUT-HEX_HEX-SIP_HEX-MAY_HEX-WAX_HEX-MIX,GUT-HEX-3_HEX-SIP-3_HEX-MAY-3_HEX-WAX-3_HEX-MIX-3,GUT-3_SIP-3_MAY-3_WAX-3_MIX-3,0,outer
KEG-8,KEG,8,85.82889359,-60.24863902,7.293060628,WHY_TAR_LUG_COW_ODD_WAS,KEG-WHY_KEG-TAR_KEG-LUG_COW-KEG_KEG-ODD_KEG-WAS,KEG-TAR-11_KEG-LUG-11_COW-KEG-11_KEG-ODD-11_KEG-WAS-11_KEG-WHY-8,TAR-11_LUG-11_COW-11_ODD-11_WAS-11_WHY-8,0,outer
DAY-4,DAY,4,-94.73552341,29.94447198,-26.25327037,BED_CUP_TAX_PAW_SAY_ZIG_GIN_GYM,BED-DAY_CUP-DAY_DAY-TAX_DAY-PAW_DAY-SAY_DAY-ZIG_DAY-GIN_DAY-GYM,BED-DAY-4_CUP-DAY-4_DAY-TAX-4_DAY-PAW-4_DAY-SAY-4_DAY-ZIG-4_DAY-GIN-4_DAY-GYM-4,BED-4_CUP-4_TAX-4_PAW-4_SAY-4_ZIG-4_GIN-4_GYM-4,0,inner
CAB-10,CAB,10,25.94835359,-122.829441,-37.65312837,AMP_ROB_DAD_OAK_GET_SEX_YAY,AMP-CAB_CAB-ROB_CAB-DAD_CAB-OAK_CAB-GET_CAB-SEX_CAB-YAY,AMP-CAB-10_CAB-ROB-10_CAB-DAD-10_CAB-OAK-10_CAB-GET-10_CAB-SEX-10_CAB-YAY-10,AMP-10_ROB-10_DAD-10_OAK-10_GET-10_SEX-10_YAY-8,1,inner
RUM-3,RUM,5,-21.85544841,135.503937,-29.20266437,GUT_INK_MAY_OIL_SIP_HOW_REF_SHY_PIE,GUT-RUM_INK-RUM_MAY-RUM_OIL-RUM_RUM-SIP_HOW-RUM_REF-RUM_RUM-SHY_PIE-RUM,GUT-RUM-3_INK-RUM-3_MAY-RUM-3_RUM-SIP-3_OIL-RUM-5_HOW-RUM-5_REF-RUM-5_RUM-SHY-5_PIE-RUM-1,GUT-3_INK-3_MAY-3_SIP-3_OIL-5_HOW-5_REF-5_SHY-5_PIE-1,1,inner
FIG-12,FIG,12,-68.95094441,-94.26845802,33.62420063,ART_BUG_KEY_GOO_NOR_YAK,ART-FIG_BUG-FIG_FIG-KEY_FIG-GOO_FIG-NOR_FIG-YAK,ART-FIG-12_BUG-FIG-12_FIG-KEY-12_FIG-GOO-12_FIG-NOR-12_FIG-YAK-12,ART-12_BUG-12_KEY-12_GOO-12_NOR-12_YAK-12,0,outer
GAL-1,GAL,1,24.98754559,133.745892,-1.576939372,ELF_PIE_HOW_WAR_RAD,ELF-GAL_GAL-PIE_GAL-HOW_GAL-WAR_GAL-RAD,ELF-GAL-1_GAL-PIE-1_GAL-HOW-1_GAL-WAR-1_GAL-RAD-1,ELF-1_PIE-1_HOW-1_WAR-1_RAD-1,0,outer
GOO-13,GOO,12,-41.85655141,-112.918897,27.08052363,ALL_RUG_SAD_PIG_WOW_BUG_FIG_YAK_NOR_KEY_PRO_ZAP,ALL-GOO_GOO-RUG_GOO-SAD_GOO-PIG_GOO-WOW_BUG-GOO_FIG-GOO_GOO-YAK_GOO-NOR_GOO-KEY_GOO-PRO_GOO-ZAP,ALL-GOO-10_GOO-RUG-10_GOO-SAD-10_GOO-WOW-10_GOO-PIG-13_GOO-YAK-13_GOO-PRO-13_GOO-ZAP-13_BUG-GOO-12_FIG-GOO-12_GOO-NOR-12_GOO-KEY-12,ALL-10_RUG-10_SAD-10_WOW-10_PIG-13_YAK-13_PRO-13_ZAP-13_BUG-12_FIG-12_NOR-12_KEY-12,0,inner
GOO-12,GOO,12,-43.95188141,-109.118245,26.92962063,ALL_RUG_SAD_PIG_WOW_BUG_FIG_YAK_NOR_KEY_PRO_ZAP,ALL-GOO_GOO-RUG_GOO-SAD_GOO-PIG_GOO-WOW_BUG-GOO_FIG-GOO_GOO-YAK_GOO-NOR_GOO-KEY_GOO-PRO_GOO-ZAP,ALL-GOO-10_GOO-RUG-10_GOO-SAD-10_GOO-WOW-10_GOO-PIG-13_GOO-YAK-13_GOO-PRO-13_GOO-ZAP-13_BUG-GOO-12_FIG-GOO-12_GOO-NOR-12_GOO-KEY-12,ALL-10_RUG-10_SAD-10_WOW-10_PIG-13_YAK-13_PRO-13_ZAP-13_BUG-12_FIG-12_NOR-12_KEY-12,0,inner
GOO-10,GOO,12,-41.43612741,-116.655241,25.71561463,ALL_RUG_SAD_PIG_WOW_BUG_FIG_YAK_NOR_KEY_PRO_ZAP,ALL-GOO_GOO-RUG_GOO-SAD_GOO-PIG_GOO-WOW_BUG-GOO_FIG-GOO_GOO-YAK_GOO-NOR_GOO-KEY_GOO-PRO_GOO-ZAP,ALL-GOO-10_GOO-RUG-10_GOO-SAD-10_GOO-WOW-10_GOO-PIG-13_GOO-YAK-13_GOO-PRO-13_GOO-ZAP-13_BUG-GOO-12_FIG-GOO-12_GOO-NOR-12_GOO-KEY-12,ALL-10_RUG-10_SAD-10_WOW-10_PIG-13_YAK-13_PRO-13_ZAP-13_BUG-12_FIG-12_NOR-12_KEY-12,0,inner
ZOO-11,ZOO,11,53.59552959,-79.92789602,45.84201263,COW_EAR_FAX_JAM_LIE_WAS,COW-ZOO_EAR-ZOO_FAX-ZOO_JAM-ZOO_LIE-ZOO_WAS-ZOO,COW-ZOO-11_EAR-ZOO-11_FAX-ZOO-11_JAM-ZOO-11_LIE-ZOO-11_WAS-ZOO-11,COW-11_EAR-11_FAX-11_JAM-11_LIE-11_WAS-11,0,outer
AIM-3,AIM,3,-85.39764441,95.01491398,-91.98091537,MOM_LID_EGO_WAX_MIX,AIM-MOM_AIM-LID_AIM-EGO_AIM-WAX_AIM-MIX,AIM-MOM-3_AIM-LID-3_AIM-EGO-3_AIM-WAX-3_AIM-MIX-3,MOM-3_LID-3_EGO-3_WAX-3_MIX-3,1,outer
CIS-2,CIS,2,85.32510359,11.66894898,-82.83059537,BAH_BOY_ORC_ETA_TAG_OFF_BAM,BAH-CIS_BOY-CIS_CIS-ORC_CIS-ETA_CIS-TAG_CIS-OFF_BAM-CIS,BAH-CIS-2_BOY-CIS-2_CIS-ORC-2_CIS-ETA-2_CIS-TAG-2_CIS-OFF-2_BAM-CIS-8,BAH-2_BOY-2_ORC-2_ETA-2_TAG-2_OFF-2_BAM-8,1,inner
MOP-6,MOP,6,-41.14815841,32.03279498,63.86493863,DUH_FAN_JUG_SOY_NAN_PLY,DUH-MOP_FAN-MOP_JUG-MOP_MOP-SOY_MOP-NAN_MOP-PLY,DUH-MOP-6_FAN-MOP-6_JUG-MOP-6_MOP-SOY-6_MOP-NAN-6_MOP-PLY-6,DUH-6_FAN-6_JUG-6_SOY-6_NAN-6_PLY-6,0,outer
EAR-11,EAR,10,47.71669559,-101.306211,24.42671963,DAD_MOO_GEL_PIG_SEX_COW_LIE_JAM_WAS_ZOO_TAR_PHI,DAD-EAR_EAR-MOO_EAR-GEL_EAR-PIG_EAR-SEX_COW-EAR_EAR-LIE_EAR-JAM_EAR-WAS_EAR-ZOO_EAR-TAR_EAR-PHI,COW-EAR-11_EAR-LIE-11_EAR-JAM-11_EAR-WAS-11_EAR-ZOO-11_EAR-TAR-11_EAR-PHI-11_DAD-EAR-10_EAR-MOO-10_EAR-GEL-10_EAR-PIG-10_EAR-SEX-10,COW-11_LIE-11_JAM-11_WAS-11_ZOO-11_TAR-11_PHI-11_DAD-10_MOO-10_GEL-10_PIG-10_SEX-10,0,inner
IRE-14,IRE,7,36.45626059,-3.166204017,68.58317463,AHI_ERA_YES_MAC_EVE_GIG_LAW_RIB,AHI-IRE_ERA-IRE_IRE-YES_IRE-MAC_EVE-IRE_GIG-IRE_IRE-LAW_IRE-RIB,ERA-IRE-14_EVE-IRE-14_GIG-IRE-14_IRE-LAW-14_IRE-RIB-14_AHI-IRE-7_IRE-YES-7_IRE-MAC-7,ERA-14_EVE-14_GIG-14_LAW-14_RIB-14_AHI-7_YES-7_MAC-7,0,outer
SAW-8,SAW,8,77.17590359,-85.93446502,-36.31063437,AMP_HAY_JAR_PHI_TAR_SEX_YAY_WHY,AMP-SAW_HAY-SAW_JAR-SAW_PHI-SAW_SAW-TAR_SAW-SEX_SAW-YAY_SAW-WHY,AMP-SAW-8_HAY-SAW-8_JAR-SAW-8_PHI-SAW-8_SAW-TAR-8_SAW-SEX-8_SAW-YAY-8_SAW-WHY-8,AMP-8_HAY-8_JAR-8_PHI-8_TAR-8_SEX-8_YAY-8_WHY-8,0,outer
WAR-1,WAR,5,24.28645659,118.646189,20.21671563,DUB_ELF_GAL_HOW_ADO_BOA,DUB-WAR_ELF-WAR_GAL-WAR_HOW-WAR_ADO-WAR_BOA-WAR,ELF-WAR-1_GAL-WAR-1_DUB-WAR-5_HOW-WAR-5_ADO-WAR-5_BOA-WAR-5,ELF-1_GAL-1_DUB-5_HOW-5_ADO-5_BOA-5,0,outer
CUP-4,CUP,4,-102.1497724,1.689936983,-56.48926237,BAR_BED_VAN_DOG_DAY_FLU_HUG_GYM_PAW_AGE_SIR,BAR-CUP_BED-CUP_CUP-VAN_CUP-DOG_CUP-DAY_CUP-FLU_CUP-HUG_CUP-GYM_CUP-PAW_AGE-CUP_CUP-SIR,BAR-CUP-4_BED-CUP-4_CUP-VAN-4_CUP-DOG-4_CUP-DAY-4_CUP-FLU-4_CUP-HUG-4_CUP-GYM-4_CUP-PAW-4_AGE-CUP-9_CUP-SIR-4,BAR-4_BED-4_VAN-4_DOG-4_DAY-4_FLU-4_HUG-4_GYM-4_PAW-4_AGE-9_SIR-9,0,inner
WAR-5,WAR,5,22.01100359,117.232289,23.27937763,DUB_ELF_GAL_HOW_ADO_BOA,DUB-WAR_ELF-WAR_GAL-WAR_HOW-WAR_ADO-WAR_BOA-WAR,ELF-WAR-1_GAL-WAR-1_DUB-WAR-5_HOW-WAR-5_ADO-WAR-5_BOA-WAR-5,ELF-1_GAL-1_DUB-5_HOW-5_ADO-5_BOA-5,0,outer
SOY-6,SOY,6,-25.26962541,6.414220983,63.01992663,ACT_DUH_ERA_FOG_JUG_MOP_NAN_PLY_RIB_TRY_TAU_LAW,ACT-SOY_DUH-SOY_ERA-SOY_FOG-SOY_JUG-SOY_MOP-SOY_NAN-SOY_PLY-SOY_RIB-SOY_SOY-TRY_SOY-TAU_LAW-SOY,ACT-SOY-6_DUH-SOY-6_ERA-SOY-6_FOG-SOY-6_JUG-SOY-6_MOP-SOY-6_NAN-SOY-6_PLY-SOY-6_RIB-SOY-6_SOY-TRY-6_SOY-TAU-6_LAW-SOY-14,ACT-6_DUH-6_ERA-6_FOG-6_JUG-6_MOP-6_NAN-6_PLY-6_RIB-6_TRY-6_TAU-6_LAW-14,0,inner
AGE-9,AGE,9,-90.54446141,-39.40249202,-41.39540837,KIT_BED_CHI_DOG_COY_BAR_SIR_ONO_ELK_CUP,AGE-KIT_AGE-BED_AGE-CHI_AGE-DOG_AGE-COY_AGE-BAR_AGE-SIR_AGE-ONO_AGE-ELK_AGE-CUP,AGE-KIT-9_AGE-BED-9_AGE-CHI-9_AGE-DOG-9_AGE-COY-9_AGE-BAR-9_AGE-SIR-9_AGE-ONO-9_AGE-ELK-9_AGE-CUP-9,KIT-9_BED-9_CHI-9_DOG-9_COY-9_BAR-9_SIR-9_ONO-9_ELK-9_CUP-4,0,inner
ART-12,ART,12,-85.24824141,-58.83866602,26.52474063,COY_FIG_ASH_MAD_LAX_NOR_BUG_KIT,ART-COY_ART-FIG_ART-ASH_ART-MAD_ART-LAX_ART-NOR_ART-BUG_ART-KIT,ART-COY-12_ART-FIG-12_ART-ASH-12_ART-MAD-12_ART-LAX-12_ART-NOR-12_ART-BUG-12_ART-KIT-12,COY-12_FIG-12_ASH-12_MAD-12_LAX-12_NOR-12_BUG-12_KIT-9,0,outer
ZIG-4,ZIG,4,-112.1824644,49.38235198,-30.73944437,DAY_GYM_PAW_SAY_TAX_OAR,DAY-ZIG_GYM-ZIG_PAW-ZIG_SAY-ZIG_TAX-ZIG_OAR-ZIG,DAY-ZIG-4_GYM-ZIG-4_PAW-ZIG-4_SAY-ZIG-4_TAX-ZIG-4_OAR-ZIG-3,DAY-4_GYM-4_PAW-4_SAY-4_TAX-4_OAR-3,0,outer
GUN-1,GUN,2,80.21752159,86.71068098,-50.51652737,FRO_JOY_RAW_WHO_NOM_SPY_ASK_DIG_DUI_OFF_TAG_TUB,FRO-GUN_GUN-JOY_GUN-RAW_GUN-WHO_GUN-NOM_GUN-SPY_ASK-GUN_DIG-GUN_DUI-GUN_GUN-OFF_GUN-TAG_GUN-TUB,FRO-GUN-1_GUN-JOY-1_GUN-RAW-1_GUN-WHO-1_GUN-NOM-1_GUN-SPY-1_ASK-GUN-2_DIG-GUN-2_DUI-GUN-2_GUN-OFF-2_GUN-TAG-2_GUN-TUB-2,FRO-1_JOY-1_RAW-1_WHO-1_NOM-1_SPY-1_ASK-2_DIG-2_DUI-2_OFF-2_TAG-2_TUB-2,0,inner
BED-9,BED,9,-95.19832241,-10.08291602,-13.15320537,ICE_DOG_SAY_GIN_PAW_CUP_DAY_AGE_COY_CHI_MAD_LAX,BED-ICE_BED-DOG_BED-SAY_BED-GIN_BED-PAW_BED-CUP_BED-DAY_AGE-BED_BED-COY_BED-CHI_BED-MAD_BED-LAX,BED-COY-12_BED-MAD-12_BED-LAX-12_BED-ICE-4_BED-DOG-4_BED-SAY-4_BED-GIN-4_BED-PAW-4_BED-CUP-4_BED-DAY-4_AGE-BED-9_BED-CHI-9,COY-12_MAD-12_LAX-12_ICE-4_DOG-4_SAY-4_GIN-4_PAW-4_CUP-4_DAY-4_AGE-9_CHI-9,0,inner
PAY-8,PAY,8,104.2987506,-39.62004702,-34.32920937,ETA_JAR_LUG_TUX_WHY_WIN,ETA-PAY_JAR-PAY_LUG-PAY_PAY-TUX_PAY-WHY_PAY-WIN,ETA-PAY-8_JAR-PAY-8_LUG-PAY-8_PAY-TUX-8_PAY-WHY-8_PAY-WIN-8,ETA-8_JAR-8_LUG-8_TUX-8_WHY-8_WIN-8,0,outer
LIE-13,LIE,14,23.32732159,-72.88615602,51.24466863,COW_EAR_FAX_GIG_JAM_ZOO_HOT_ZAP_OLD_TAU_PIG_EVE_LAW,COW-LIE_EAR-LIE_FAX-LIE_GIG-LIE_JAM-LIE_LIE-ZOO_HOT-LIE_LIE-ZAP_LIE-OLD_LIE-TAU_LIE-PIG_EVE-LIE_LAW-LIE,COW-LIE-11_EAR-LIE-11_FAX-LIE-11_LIE-ZOO-11_JAM-LIE-13_HOT-LIE-13_LIE-ZAP-13_LIE-PIG-13_GIG-LIE-14_LIE-OLD-14_LIE-TAU-14_EVE-LIE-14_LAW-LIE-14,COW-11_EAR-11_FAX-11_ZOO-11_JAM-13_HOT-13_ZAP-13_PIG-13_GIG-14_OLD-14_TAU-14_EVE-14_LAW-14,0,inner
PHI-11,PHI,8,72.03006459,-102.675703,5.518761628,TAR_SEX_SAW_EAR_WAS_GEL,PHI-TAR_PHI-SEX_PHI-SAW_EAR-PHI_PHI-WAS_GEL-PHI,PHI-TAR-11_EAR-PHI-11_PHI-WAS-11_PHI-SEX-8_PHI-SAW-8_GEL-PHI-10,TAR-11_EAR-11_WAS-11_SEX-8_SAW-8_GEL-10,0,outer
LIE-11,LIE,14,25.37320059,-71.04085602,52.34109163,COW_EAR_FAX_GIG_JAM_ZOO_HOT_ZAP_OLD_TAU_PIG_EVE_LAW,COW-LIE_EAR-LIE_FAX-LIE_GIG-LIE_JAM-LIE_LIE-ZOO_HOT-LIE_LIE-ZAP_LIE-OLD_LIE-TAU_LIE-PIG_EVE-LIE_LAW-LIE,COW-LIE-11_EAR-LIE-11_FAX-LIE-11_LIE-ZOO-11_JAM-LIE-13_HOT-LIE-13_LIE-ZAP-13_LIE-PIG-13_GIG-LIE-14_LIE-OLD-14_LIE-TAU-14_EVE-LIE-14_LAW-LIE-14,COW-11_EAR-11_FAX-11_ZOO-11_JAM-13_HOT-13_ZAP-13_PIG-13_GIG-14_OLD-14_TAU-14_EVE-14_LAW-14,0,inner
HAY-8,HAY,8,78.44892959,-66.37617402,-66.96744137,BAM_JAR_WIN_YAY_SAW,BAM-HAY_HAY-JAR_HAY-WIN_HAY-YAY_HAY-SAW,BAM-HAY-8_HAY-JAR-8_HAY-WIN-8_HAY-YAY-8_HAY-SAW-8,BAM-8_JAR-8_WIN-8_YAY-8_SAW-8,1,outer
BED-4,BED,9,-96.50953441,-6.208093017,-12.62538737,ICE_DOG_SAY_GIN_PAW_CUP_DAY_AGE_COY_CHI_MAD_LAX,BED-ICE_BED-DOG_BED-SAY_BED-GIN_BED-PAW_BED-CUP_BED-DAY_AGE-BED_BED-COY_BED-CHI_BED-MAD_BED-LAX,BED-COY-12_BED-MAD-12_BED-LAX-12_BED-ICE-4_BED-DOG-4_BED-SAY-4_BED-GIN-4_BED-PAW-4_BED-CUP-4_BED-DAY-4_AGE-BED-9_BED-CHI-9,COY-12_MAD-12_LAX-12_ICE-4_DOG-4_SAY-4_GIN-4_PAW-4_CUP-4_DAY-4_AGE-9_CHI-9,0,inner
NOR-9,NOR,9,-76.30655541,-91.51014402,2.006007628,COY_ELK_KEY_KIT_WIG_WOW_ART_BUG_FIG_GOO,COY-NOR_ELK-NOR_KEY-NOR_KIT-NOR_NOR-WIG_NOR-WOW_ART-NOR_BUG-NOR_FIG-NOR_GOO-NOR,COY-NOR-12_KEY-NOR-12_ART-NOR-12_BUG-NOR-12_FIG-NOR-12_GOO-NOR-12_ELK-NOR-9_KIT-NOR-9_NOR-WIG-9_NOR-WOW-9,COY-12_KEY-12_ART-12_BUG-12_FIG-12_GOO-12_ELK-9_KIT-9_WIG-9_WOW-9,0,inner
GYM-4,GYM,4,-102.0108504,48.01721398,-60.70668137,EGO_TAX_OAR_MOM_LID_BOX_CUP_DAY_VAN_PAW_HUG_ZIG,EGO-GYM_GYM-TAX_GYM-OAR_GYM-MOM_GYM-LID_BOX-GYM_CUP-GYM_DAY-GYM_GYM-VAN_GYM-PAW_GYM-HUG_GYM-ZIG,EGO-GYM-3_GYM-OAR-3_GYM-MOM-3_GYM-LID-3_GYM-TAX-4_BOX-GYM-4_CUP-GYM-4_DAY-GYM-4_GYM-VAN-4_GYM-PAW-4_GYM-HUG-4_GYM-ZIG-4,EGO-3_OAR-3_MOM-3_LID-3_TAX-4_BOX-4_CUP-4_DAY-4_VAN-4_PAW-4_HUG-4_ZIG-4,0,inner
GYM-3,GYM,4,-101.3163384,52.41292698,-61.52199537,EGO_TAX_OAR_MOM_LID_BOX_CUP_DAY_VAN_PAW_HUG_ZIG,EGO-GYM_GYM-TAX_GYM-OAR_GYM-MOM_GYM-LID_BOX-GYM_CUP-GYM_DAY-GYM_GYM-VAN_GYM-PAW_GYM-HUG_GYM-ZIG,EGO-GYM-3_GYM-OAR-3_GYM-MOM-3_GYM-LID-3_GYM-TAX-4_BOX-GYM-4_CUP-GYM-4_DAY-GYM-4_GYM-VAN-4_GYM-PAW-4_GYM-HUG-4_GYM-ZIG-4,EGO-3_OAR-3_MOM-3_LID-3_TAX-4_BOX-4_CUP-4_DAY-4_VAN-4_PAW-4_HUG-4_ZIG-4,0,inner
BOY-2,BOY,2,108.4197686,11.93373498,-68.75523137,BAH_FOX_ETA_TAG_CIS_ORC,BAH-BOY_BOY-FOX_BOY-ETA_BOY-TAG_BOY-CIS_BOY-ORC,BAH-BOY-2_BOY-FOX-2_BOY-ETA-2_BOY-TAG-2_BOY-CIS-2_BOY-ORC-2,BAH-2_FOX-2_ETA-2_TAG-2_CIS-2_ORC-2,0,outer
IVY-7,IVY,7,93.61091659,11.58407098,-12.75042237,DUI_ETA_FOX_TUX_SUN_SKY_TAG_ACE_EYE_FIX_GAS_LUG,DUI-IVY_ETA-IVY_FOX-IVY_IVY-TUX_IVY-SUN_IVY-SKY_IVY-TAG_ACE-IVY_EYE-IVY_FIX-IVY_GAS-IVY_IVY-LUG,DUI-IVY-2_ETA-IVY-2_FOX-IVY-2_IVY-TUX-2_IVY-SKY-2_IVY-TAG-2_IVY-SUN-7_ACE-IVY-7_EYE-IVY-7_FIX-IVY-7_GAS-IVY-11_IVY-LUG-7,DUI-2_ETA-2_FOX-2_TUX-2_SKY-2_TAG-2_SUN-7_ACE-7_EYE-7_FIX-7_GAS-11_LUG-8,0,inner
RUG-10,RUG,10,-19.93212741,-146.611042,5.949316628,ALL_DAD_EGG_FOR_GET_GOO_HIP_PIG_SAD_WOW,ALL-RUG_DAD-RUG_EGG-RUG_FOR-RUG_GET-RUG_GOO-RUG_HIP-RUG_PIG-RUG_RUG-SAD_RUG-WOW,ALL-RUG-10_DAD-RUG-10_EGG-RUG-10_FOR-RUG-10_GET-RUG-10_GOO-RUG-10_HIP-RUG-10_PIG-RUG-10_RUG-SAD-10_RUG-WOW-10,ALL-10_DAD-10_EGG-10_FOR-10_GET-10_GOO-10_HIP-10_PIG-10_SAD-10_WOW-10,0,inner
SIR-9,SIR,9,-85.17058541,-36.93601502,-81.99597937,AGE_BAR_ELK_ONO_TAT_CUP_FLU_HUG,AGE-SIR_BAR-SIR_ELK-SIR_ONO-SIR_SIR-TAT_CUP-SIR_FLU-SIR_HUG-SIR,AGE-SIR-9_BAR-SIR-9_ELK-SIR-9_ONO-SIR-9_SIR-TAT-9_CUP-SIR-4_FLU-SIR-4_HUG-SIR-4,AGE-9_BAR-9_ELK-9_ONO-9_TAT-9_CUP-4_FLU-4_HUG-4,1,inner
NOM-1,NOM,7,74.50482659,89.93827798,-8.540843372,ARM_BIO_ELF_GUN_JOY_WET_SPY_DIG_DUI_HIT_ACE_BRO,ARM-NOM_BIO-NOM_ELF-NOM_GUN-NOM_JOY-NOM_NOM-WET_NOM-SPY_DIG-NOM_DUI-NOM_HIT-NOM_ACE-NOM_BRO-NOM,ARM-NOM-1_BIO-NOM-1_ELF-NOM-1_GUN-NOM-1_JOY-NOM-1_NOM-SPY-1_DIG-NOM-2_DUI-NOM-2_NOM-WET-7_HIT-NOM-7_ACE-NOM-7_BRO-NOM-7,ARM-1_BIO-1_ELF-1_GUN-1_JOY-1_SPY-1_DIG-2_DUI-2_WET-7_HIT-7_ACE-7_BRO-7,0,inner
TAU-14,TAU,6,-21.30092041,-46.13249602,61.36783063,ACT_FOG_SOY_TRY_LAB_LIE_OLD_ZAP_LAW_BUG_LAM,ACT-TAU_FOG-TAU_SOY-TAU_TAU-TRY_LAB-TAU_LIE-TAU_OLD-TAU_TAU-ZAP_LAW-TAU_BUG-TAU_LAM-TAU,LAB-TAU-13_TAU-ZAP-13_FOG-TAU-14_LIE-TAU-14_OLD-TAU-14_LAW-TAU-14_ACT-TAU-6_SOY-TAU-6_TAU-TRY-6_BUG-TAU-12_LAM-TAU-12,LAB-13_ZAP-13_FOG-14_LIE-14_OLD-14_LAW-14_ACT-6_SOY-6_TRY-6_BUG-12_LAM-12,0,inner
FLU-4,FLU,4,-106.7256264,-7.093324017,-80.89485437,BAR_CUP_HUG_VAN_SIR,BAR-FLU_CUP-FLU_FLU-HUG_FLU-VAN_FLU-SIR,BAR-FLU-4_CUP-FLU-4_FLU-HUG-4_FLU-VAN-4_FLU-SIR-4,BAR-4_CUP-4_HUG-4_VAN-4_SIR-9,1,outer
FUN-5,FUN,5,-41.77578841,81.21320698,46.46754063,DRY_NAY_PLY_REF_VOW_FAN,DRY-FUN_FUN-NAY_FUN-PLY_FUN-REF_FUN-VOW_FAN-FUN,DRY-FUN-5_FUN-NAY-5_FUN-PLY-5_FUN-REF-5_FUN-VOW-5_FAN-FUN-6,DRY-5_NAY-5_PLY-5_REF-5_VOW-5_FAN-6,0,outer
TAU-13,TAU,6,-19.31480241,-50.45840702,60.27586463,ACT_FOG_SOY_TRY_LAB_LIE_OLD_ZAP_LAW_BUG_LAM,ACT-TAU_FOG-TAU_SOY-TAU_TAU-TRY_LAB-TAU_LIE-TAU_OLD-TAU_TAU-ZAP_LAW-TAU_BUG-TAU_LAM-TAU,LAB-TAU-13_TAU-ZAP-13_FOG-TAU-14_LIE-TAU-14_OLD-TAU-14_LAW-TAU-14_ACT-TAU-6_SOY-TAU-6_TAU-TRY-6_BUG-TAU-12_LAM-TAU-12,LAB-13_ZAP-13_FOG-14_LIE-14_OLD-14_LAW-14_ACT-6_SOY-6_TRY-6_BUG-12_LAM-12,0,inner
JAM-13,JAM,13,30.08529959,-105.085851,49.11054163,EAR_ZOO_LIE_HOT_PIG_MOO,EAR-JAM_JAM-ZOO_JAM-LIE_HOT-JAM_JAM-PIG_JAM-MOO,EAR-JAM-11_JAM-ZOO-11_JAM-LIE-13_HOT-JAM-13_JAM-PIG-13_JAM-MOO-13,EAR-11_ZOO-11_LIE-13_HOT-13_PIG-13_MOO-10,0,outer
LAW-14,LAW,14,10.22523459,-26.85873602,65.73183363,ERA_EVE_FOG_GIG_IRE_RIB_LIE_TAU_OLD_SOY,ERA-LAW_EVE-LAW_FOG-LAW_GIG-LAW_IRE-LAW_LAW-RIB_LAW-LIE_LAW-TAU_LAW-OLD_LAW-SOY,ERA-LAW-14_EVE-LAW-14_FOG-LAW-14_GIG-LAW-14_IRE-LAW-14_LAW-RIB-14_LAW-LIE-14_LAW-TAU-14_LAW-OLD-14_LAW-SOY-14,ERA-14_EVE-14_FOG-14_GIG-14_IRE-14_RIB-14_LIE-14_TAU-14_OLD-14_SOY-6,0,inner
AIR-11,AIR,11,71.13112059,-32.43153802,43.73215663,COW_GIG_ODD_MAC_FAX_FIX,AIR-COW_AIR-GIG_AIR-ODD_AIR-MAC_AIR-FAX_AIR-FIX,AIR-COW-11_AIR-GIG-11_AIR-ODD-11_AIR-MAC-11_AIR-FAX-11_AIR-FIX-11,COW-11_GIG-11_ODD-11_MAC-11_FAX-11_FIX-11,0,outer
WHO-1,WHO,1,56.10229159,110.670883,-84.02869737,FRO_GUN_LEG_NIX_RAW_SPY_OFF,FRO-WHO_GUN-WHO_LEG-WHO_NIX-WHO_RAW-WHO_SPY-WHO_OFF-WHO,FRO-WHO-1_GUN-WHO-1_LEG-WHO-1_NIX-WHO-1_RAW-WHO-1_SPY-WHO-1_OFF-WHO-2,FRO-1_GUN-1_LEG-1_NIX-1_RAW-1_SPY-1_OFF-2,1,inner
JOY-1,JOY,1,84.05906559,108.367809,-32.10448937,BIO_GUN_NOM_SPY_RAW_DIG,BIO-JOY_GUN-JOY_JOY-NOM_JOY-SPY_JOY-RAW_DIG-JOY,BIO-JOY-1_GUN-JOY-1_JOY-NOM-1_JOY-SPY-1_JOY-RAW-1_DIG-JOY-2,BIO-1_GUN-1_NOM-1_SPY-1_RAW-1_DIG-2,0,outer
HAM-6,HAM,6,-78.12024741,6.428795983,43.02018763,ACT_DUH_GIN_NAN_LAX_ZZZ_ICE_ASH,ACT-HAM_DUH-HAM_GIN-HAM_HAM-NAN_HAM-LAX_HAM-ZZZ_HAM-ICE_ASH-HAM,ACT-HAM-6_DUH-HAM-6_GIN-HAM-6_HAM-NAN-6_HAM-LAX-6_HAM-ZZZ-6_HAM-ICE-6_ASH-HAM-12,ACT-6_DUH-6_GIN-6_NAN-6_LAX-6_ZZZ-6_ICE-6_ASH-12,0,outer
FIX-7,FIX,7,75.03074659,-4.811578017,22.42784863,ACE_EYE_MAC_POP_IVY_YES_AIR_COW_ODD_GAS_GIG_LUG,ACE-FIX_EYE-FIX_FIX-MAC_FIX-POP_FIX-IVY_FIX-YES_AIR-FIX_COW-FIX_FIX-ODD_FIX-GAS_FIX-GIG_FIX-LUG,FIX-MAC-11_AIR-FIX-11_COW-FIX-11_FIX-ODD-11_FIX-GAS-11_FIX-GIG-11_FIX-LUG-11_ACE-FIX-7_EYE-FIX-7_FIX-POP-7_FIX-IVY-7_FIX-YES-7,MAC-11_AIR-11_COW-11_ODD-11_GAS-11_GIG-11_LUG-11_ACE-7_EYE-7_POP-7_IVY-7_YES-7,0,inner
TAX-4,TAX,4,-96.35106441,69.70448498,-14.31714737,AGO_FLY_GYM_MOM_OAR_OIL_DAY_GIN_SAY_WIZ_ZIG_VOW,AGO-TAX_FLY-TAX_GYM-TAX_MOM-TAX_OAR-TAX_OIL-TAX_DAY-TAX_GIN-TAX_SAY-TAX_TAX-WIZ_TAX-ZIG_TAX-VOW,AGO-TAX-3_FLY-TAX-3_MOM-TAX-3_OAR-TAX-3_OIL-TAX-3_GYM-TAX-4_DAY-TAX-4_GIN-TAX-4_SAY-TAX-4_TAX-WIZ-4_TAX-ZIG-4_TAX-VOW-4,AGO-3_FLY-3_MOM-3_OAR-3_OIL-3_GYM-4_DAY-4_GIN-4_SAY-4_WIZ-4_ZIG-4_VOW-6,0,inner
TAU-6,TAU,6,-23.40370241,-43.09522102,60.45120163,ACT_FOG_SOY_TRY_LAB_LIE_OLD_ZAP_LAW_BUG_LAM,ACT-TAU_FOG-TAU_SOY-TAU_TAU-TRY_LAB-TAU_LIE-TAU_OLD-TAU_TAU-ZAP_LAW-TAU_BUG-TAU_LAM-TAU,LAB-TAU-13_TAU-ZAP-13_FOG-TAU-14_LIE-TAU-14_OLD-TAU-14_LAW-TAU-14_ACT-TAU-6_SOY-TAU-6_TAU-TRY-6_BUG-TAU-12_LAM-TAU-12,LAB-13_ZAP-13_FOG-14_LIE-14_OLD-14_LAW-14_ACT-6_SOY-6_TRY-6_BUG-12_LAM-12,0,inner
BAH-8,BAH,8,97.43435759,-18.79178502,-79.21080637,ETA_CIS_BOY_WIN_BAM,BAH-ETA_BAH-CIS_BAH-BOY_BAH-WIN_BAH-BAM,BAH-ETA-2_BAH-CIS-2_BAH-BOY-2_BAH-WIN-8_BAH-BAM-8,ETA-2_CIS-2_BOY-2_WIN-8_BAM-8,0,outer
SPY-1,SPY,1,57.90937859,124.876711,-41.34419237,BIO_ELF_GUN_JOY_LEG_NIX_NOM_OVA_PIE_RAD_RAW_WHO,BIO-SPY_ELF-SPY_GUN-SPY_JOY-SPY_LEG-SPY_NIX-SPY_NOM-SPY_OVA-SPY_PIE-SPY_RAD-SPY_RAW-SPY_SPY-WHO,BIO-SPY-1_ELF-SPY-1_GUN-SPY-1_JOY-SPY-1_LEG-SPY-1_NIX-SPY-1_NOM-SPY-1_OVA-SPY-1_PIE-SPY-1_RAD-SPY-1_RAW-SPY-1_SPY-WHO-1,BIO-1_ELF-1_GUN-1_JOY-1_LEG-1_NIX-1_NOM-1_OVA-1_PIE-1_RAD-1_RAW-1_WHO-1,0,inner
TAX-3,TAX,4,-95.65655241,74.10019898,-15.13246137,AGO_FLY_GYM_MOM_OAR_OIL_DAY_GIN_SAY_WIZ_ZIG_VOW,AGO-TAX_FLY-TAX_GYM-TAX_MOM-TAX_OAR-TAX_OIL-TAX_DAY-TAX_GIN-TAX_SAY-TAX_TAX-WIZ_TAX-ZIG_TAX-VOW,AGO-TAX-3_FLY-TAX-3_MOM-TAX-3_OAR-TAX-3_OIL-TAX-3_GYM-TAX-4_DAY-TAX-4_GIN-TAX-4_SAY-TAX-4_TAX-WIZ-4_TAX-ZIG-4_TAX-VOW-4,AGO-3_FLY-3_MOM-3_OAR-3_OIL-3_GYM-4_DAY-4_GIN-4_SAY-4_WIZ-4_ZIG-4_VOW-6,0,inner
BAH-2,BAH,8,97.16048159,-14.53845802,-78.92810637,ETA_CIS_BOY_WIN_BAM,BAH-ETA_BAH-CIS_BAH-BOY_BAH-WIN_BAH-BAM,BAH-ETA-2_BAH-CIS-2_BAH-BOY-2_BAH-WIN-8_BAH-BAM-8,ETA-2_CIS-2_BOY-2_WIN-8_BAM-8,0,outer
RAD-1,RAD,1,45.56589559,135.015985,-17.33008237,BIO_ELF_GAL_OVA_PIE_SPY,BIO-RAD_ELF-RAD_GAL-RAD_OVA-RAD_PIE-RAD_RAD-SPY,BIO-RAD-1_ELF-RAD-1_GAL-RAD-1_OVA-RAD-1_PIE-RAD-1_RAD-SPY-1,BIO-1_ELF-1_GAL-1_OVA-1_PIE-1_SPY-1,0,outer
MOM-3,MOM,3,-84.88109141,89.53200898,-64.08417237,AGO_AIM_EGO_GUT_GYM_LID_MIX_OAR_TAX_WAX,AGO-MOM_AIM-MOM_EGO-MOM_GUT-MOM_GYM-MOM_LID-MOM_MIX-MOM_MOM-OAR_MOM-TAX_MOM-WAX,AGO-MOM-3_AIM-MOM-3_EGO-MOM-3_GUT-MOM-3_GYM-MOM-3_LID-MOM-3_MIX-MOM-3_MOM-OAR-3_MOM-TAX-3_MOM-WAX-3,AGO-3_AIM-3_EGO-3_GUT-3_GYM-3_LID-3_MIX-3_OAR-3_TAX-3_WAX-3,0,inner
CHI-9,CHI,9,-102.5418844,-38.04451102,-16.48294537,AGE_BED_COY_DOG_KIT_MAD,AGE-CHI_BED-CHI_CHI-COY_CHI-DOG_CHI-KIT_CHI-MAD,AGE-CHI-9_BED-CHI-9_CHI-COY-9_CHI-DOG-9_CHI-KIT-9_CHI-MAD-9,AGE-9_BED-9_COY-9_DOG-9_KIT-9_MAD-12,0,outer
BUG-12,BUG,12,-59.09933341,-64.50047202,38.98281863,ACT_ART_ASH_YAK_LAB_LAM_NOR_LAX_COY_GOO_FIG_TAU_ZAP,ACT-BUG_ART-BUG_ASH-BUG_BUG-YAK_BUG-LAB_BUG-LAM_BUG-NOR_BUG-LAX_BUG-COY_BUG-GOO_BUG-FIG_BUG-TAU_BUG-ZAP,ACT-BUG-12_ART-BUG-12_ASH-BUG-12_BUG-YAK-12_BUG-LAB-12_BUG-LAM-12_BUG-NOR-12_BUG-LAX-12_BUG-COY-12_BUG-GOO-12_BUG-FIG-12_BUG-TAU-12_BUG-ZAP-12,ACT-12_ART-12_ASH-12_YAK-12_LAB-12_LAM-12_NOR-12_LAX-12_COY-12_GOO-12_FIG-12_TAU-6_ZAP-13,0,inner
LAX-6,LAX,6,-79.20396241,-13.41357102,26.66345463,ACT_GIN_HAM_ICE_NAN_ART_ASH_BED_BUG_COY_MAD,ACT-LAX_GIN-LAX_HAM-LAX_ICE-LAX_LAX-NAN_ART-LAX_ASH-LAX_BED-LAX_BUG-LAX_COY-LAX_LAX-MAD,ART-LAX-12_ASH-LAX-12_BED-LAX-12_BUG-LAX-12_COY-LAX-12_LAX-MAD-12_ACT-LAX-6_GIN-LAX-6_HAM-LAX-6_ICE-LAX-6_LAX-NAN-6,ART-12_ASH-12_BED-12_BUG-12_COY-12_MAD-12_ACT-6_GIN-6_HAM-6_ICE-6_NAN-6,0,inner
PRO-13,PRO,13,-20.54790941,-114.716143,50.09094763,GOO_HOT_PIG_ZAP_YAK_ALL,GOO-PRO_HOT-PRO_PIG-PRO_PRO-ZAP_PRO-YAK_ALL-PRO,GOO-PRO-13_HOT-PRO-13_PIG-PRO-13_PRO-ZAP-13_PRO-YAK-13_ALL-PRO-10,GOO-13_HOT-13_PIG-13_ZAP-13_YAK-13_ALL-10,0,outer
WHY-8,WHY,8,93.63453159,-61.09995302,-20.31834037,JAR_KEG_LUG_PAY_SAW_TAR,JAR-WHY_KEG-WHY_LUG-WHY_PAY-WHY_SAW-WHY_TAR-WHY,JAR-WHY-8_KEG-WHY-8_LUG-WHY-8_PAY-WHY-8_SAW-WHY-8_TAR-WHY-8,JAR-8_KEG-8_LUG-8_PAY-8_SAW-8_TAR-8,0,outer
LIE-14,LIE,14,21.34120359,-68.56024402,52.33663563,COW_EAR_FAX_GIG_JAM_ZOO_HOT_ZAP_OLD_TAU_PIG_EVE_LAW,COW-LIE_EAR-LIE_FAX-LIE_GIG-LIE_JAM-LIE_LIE-ZOO_HOT-LIE_LIE-ZAP_LIE-OLD_LIE-TAU_LIE-PIG_EVE-LIE_LAW-LIE,COW-LIE-11_EAR-LIE-11_FAX-LIE-11_LIE-ZOO-11_JAM-LIE-13_HOT-LIE-13_LIE-ZAP-13_LIE-PIG-13_GIG-LIE-14_LIE-OLD-14_LIE-TAU-14_EVE-LIE-14_LAW-LIE-14,COW-11_EAR-11_FAX-11_ZOO-11_JAM-13_HOT-13_ZAP-13_PIG-13_GIG-14_OLD-14_TAU-14_EVE-14_LAW-14,0,inner
TAR-8,TAR,8,71.15719559,-76.11056602,-11.12986337,JAR_KEG_LUG_PHI_SAW_SEX_WHY_YAY_COW_EAR_WAS,JAR-TAR_KEG-TAR_LUG-TAR_PHI-TAR_SAW-TAR_SEX-TAR_TAR-WHY_TAR-YAY_COW-TAR_EAR-TAR_TAR-WAS,KEG-TAR-11_LUG-TAR-11_PHI-TAR-11_COW-TAR-11_EAR-TAR-11_TAR-WAS-11_JAR-TAR-8_SAW-TAR-8_SEX-TAR-8_TAR-WHY-8_TAR-YAY-8,KEG-11_LUG-11_PHI-11_COW-11_EAR-11_WAS-11_JAR-8_SAW-8_SEX-8_WHY-8_YAY-8,0,inner
ERA-6,ERA,6,11.63524159,17.70930698,61.21293163,JUG_RIB_SOY_PLY_AHI_IRE_YES_NIL_GIG_LAW,ERA-JUG_ERA-RIB_ERA-SOY_ERA-PLY_AHI-ERA_ERA-IRE_ERA-YES_ERA-NIL_ERA-GIG_ERA-LAW,ERA-RIB-14_ERA-IRE-14_ERA-GIG-14_ERA-LAW-14_AHI-ERA-7_ERA-YES-7_ERA-NIL-7_ERA-JUG-6_ERA-SOY-6_ERA-PLY-6,RIB-14_IRE-14_GIG-14_LAW-14_AHI-7_YES-7_NIL-7_JUG-6_SOY-6_PLY-6,0,inner
ERA-7,ERA,6,17.26735359,17.24063198,60.56250663,JUG_RIB_SOY_PLY_AHI_IRE_YES_NIL_GIG_LAW,ERA-JUG_ERA-RIB_ERA-SOY_ERA-PLY_AHI-ERA_ERA-IRE_ERA-YES_ERA-NIL_ERA-GIG_ERA-LAW,ERA-RIB-14_ERA-IRE-14_ERA-GIG-14_ERA-LAW-14_AHI-ERA-7_ERA-YES-7_ERA-NIL-7_ERA-JUG-6_ERA-SOY-6_ERA-PLY-6,RIB-14_IRE-14_GIG-14_LAW-14_AHI-7_YES-7_NIL-7_JUG-6_SOY-6_PLY-6,0,inner
TAG-2,TAG,2,101.8871626,36.89463698,-54.28216537,ASK_BOY_CIS_DUI_ETA_FOX_GUN_IVY_OFF_ORC_SKY_TUB,ASK-TAG_BOY-TAG_CIS-TAG_DUI-TAG_ETA-TAG_FOX-TAG_GUN-TAG_IVY-TAG_OFF-TAG_ORC-TAG_SKY-TAG_TAG-TUB,ASK-TAG-2_BOY-TAG-2_CIS-TAG-2_DUI-TAG-2_ETA-TAG-2_FOX-TAG-2_GUN-TAG-2_IVY-TAG-2_OFF-TAG-2_ORC-TAG-2_SKY-TAG-2_TAG-TUB-2,ASK-2_BOY-2_CIS-2_DUI-2_ETA-2_FOX-2_GUN-2_IVY-2_OFF-2_ORC-2_SKY-2_TUB-2,0,inner
TUB-2,TUB,2,107.6198766,63.81006798,-42.85213937,ASK_DIG_DUI_GUN_SKY_TAG,ASK-TUB_DIG-TUB_DUI-TUB_GUN-TUB_SKY-TUB_TAG-TUB,ASK-TUB-2_DIG-TUB-2_DUI-TUB-2_GUN-TUB-2_SKY-TUB-2_TAG-TUB-2,ASK-2_DIG-2_DUI-2_GUN-2_SKY-2_TAG-2,0,outer
ONO-9,ONO,9,-88.90182941,-62.98485202,-63.50000837,AGE_BAR_ELK_KIT_SIR_USE_TAT,AGE-ONO_BAR-ONO_ELK-ONO_KIT-ONO_ONO-SIR_ONO-USE_ONO-TAT,AGE-ONO-9_BAR-ONO-9_ELK-ONO-9_KIT-ONO-9_ONO-SIR-9_ONO-USE-9_ONO-TAT-9,AGE-9_BAR-9_ELK-9_KIT-9_SIR-9_USE-9_TAT-9,1,outer
GUN-2,GUN,2,82.23037459,83.33962298,-50.55793937,FRO_JOY_RAW_WHO_NOM_SPY_ASK_DIG_DUI_OFF_TAG_TUB,FRO-GUN_GUN-JOY_GUN-RAW_GUN-WHO_GUN-NOM_GUN-SPY_ASK-GUN_DIG-GUN_DUI-GUN_GUN-OFF_GUN-TAG_GUN-TUB,FRO-GUN-1_GUN-JOY-1_GUN-RAW-1_GUN-WHO-1_GUN-NOM-1_GUN-SPY-1_ASK-GUN-2_DIG-GUN-2_DUI-GUN-2_GUN-OFF-2_GUN-TAG-2_GUN-TUB-2,FRO-1_JOY-1_RAW-1_WHO-1_NOM-1_SPY-1_ASK-2_DIG-2_DUI-2_OFF-2_TAG-2_TUB-2,0,inner
ASH-12,ASH,12,-70.85630941,-36.11951702,49.93942863,ACT_ART_LAM_LAX_BUG_HAM,ACT-ASH_ART-ASH_ASH-LAM_ASH-LAX_ASH-BUG_ASH-HAM,ACT-ASH-12_ART-ASH-12_ASH-LAM-12_ASH-LAX-12_ASH-BUG-12_ASH-HAM-12,ACT-12_ART-12_LAM-12_LAX-12_BUG-12_HAM-6,0,outer
WOW-10,WOW,9,-56.48277041,-131.871081,-17.25148337,COP_ELK_KEY_NOR_USE_WIG_GET_GOO_HIP_NEW_RUG_SAD,COP-WOW_ELK-WOW_KEY-WOW_NOR-WOW_USE-WOW_WIG-WOW_GET-WOW_GOO-WOW_HIP-WOW_NEW-WOW_RUG-WOW_SAD-WOW,COP-WOW-10_GET-WOW-10_GOO-WOW-10_HIP-WOW-10_NEW-WOW-10_RUG-WOW-10_SAD-WOW-10_ELK-WOW-9_KEY-WOW-9_NOR-WOW-9_USE-WOW-9_WIG-WOW-9,COP-10_GET-10_GOO-10_HIP-10_NEW-10_RUG-10_SAD-10_ELK-9_KEY-9_NOR-9_USE-9_WIG-9,0,inner
TAR-11,TAR,8,68.02249859,-76.41374802,-8.592402372,JAR_KEG_LUG_PHI_SAW_SEX_WHY_YAY_COW_EAR_WAS,JAR-TAR_KEG-TAR_LUG-TAR_PHI-TAR_SAW-TAR_SEX-TAR_TAR-WHY_TAR-YAY_COW-TAR_EAR-TAR_TAR-WAS,KEG-TAR-11_LUG-TAR-11_PHI-TAR-11_COW-TAR-11_EAR-TAR-11_TAR-WAS-11_JAR-TAR-8_SAW-TAR-8_SEX-TAR-8_TAR-WHY-8_TAR-YAY-8,KEG-11_LUG-11_PHI-11_COW-11_EAR-11_WAS-11_JAR-8_SAW-8_SEX-8_WHY-8_YAY-8,0,inner
NEW-10,NEW,10,-41.25973241,-135.328682,-42.06623437,COP_GET_HIP_WOW_USE,COP-NEW_GET-NEW_HIP-NEW_NEW-WOW_NEW-USE,COP-NEW-10_GET-NEW-10_HIP-NEW-10_NEW-WOW-10_NEW-USE-10,COP-10_GET-10_HIP-10_WOW-10_USE-9,1,outer
BAR-9,BAR,9,-105.9669134,-31.27103202,-61.66566937,CUP_FLU_DOG_AGE_SIR_ONO,BAR-CUP_BAR-FLU_BAR-DOG_AGE-BAR_BAR-SIR_BAR-ONO,BAR-CUP-4_BAR-FLU-4_BAR-DOG-4_AGE-BAR-9_BAR-SIR-9_BAR-ONO-9,CUP-4_FLU-4_DOG-4_AGE-9_SIR-9_ONO-9,0,outer
IRE-7,IRE,7,40.26749259,-0.069158017,66.84420363,AHI_ERA_YES_MAC_EVE_GIG_LAW_RIB,AHI-IRE_ERA-IRE_IRE-YES_IRE-MAC_EVE-IRE_GIG-IRE_IRE-LAW_IRE-RIB,ERA-IRE-14_EVE-IRE-14_GIG-IRE-14_IRE-LAW-14_IRE-RIB-14_AHI-IRE-7_IRE-YES-7_IRE-MAC-7,ERA-14_EVE-14_GIG-14_LAW-14_RIB-14_AHI-7_YES-7_MAC-7,0,outer
BOA-5,BOA,5,-4.902155406,113.990935,32.01739663,ADO_REF_WAR_SHY_NAY_HOW,ADO-BOA_BOA-REF_BOA-WAR_BOA-SHY_BOA-NAY_BOA-HOW,ADO-BOA-5_BOA-REF-5_BOA-WAR-5_BOA-SHY-5_BOA-NAY-5_BOA-HOW-5,ADO-5_REF-5_WAR-5_SHY-5_NAY-5_HOW-5,0,outer
AMP-10,AMP,8,51.99566359,-118.984127,-45.29832237,SEX_YAY_SAW_ROB_CAB,AMP-SEX_AMP-YAY_AMP-SAW_AMP-ROB_AMP-CAB,AMP-SEX-10_AMP-ROB-10_AMP-CAB-10_AMP-YAY-8_AMP-SAW-8,SEX-10_ROB-10_CAB-10_YAY-8_SAW-8,1,outer
MAD-12,MAD,12,-97.55815141,-29.18252802,13.65649863,ART_BED_COY_LAX_CHI_ICE,ART-MAD_BED-MAD_COY-MAD_LAX-MAD_CHI-MAD_ICE-MAD,ART-MAD-12_BED-MAD-12_COY-MAD-12_LAX-MAD-12_CHI-MAD-9_ICE-MAD-6,ART-12_BED-12_COY-12_LAX-12_CHI-9_ICE-6,0,outer
DOG-4,DOG,9,-110.6943414,-17.02691602,-35.28390337,BAR_BED_CUP_PAW_AGE_CHI,BAR-DOG_BED-DOG_CUP-DOG_DOG-PAW_AGE-DOG_CHI-DOG,BAR-DOG-4_BED-DOG-4_CUP-DOG-4_DOG-PAW-4_AGE-DOG-9_CHI-DOG-9,BAR-4_BED-4_CUP-4_PAW-4_AGE-9_CHI-9,0,outer
KEG-11,KEG,8,83.77172959,-61.85164402,10.55548263,WHY_TAR_LUG_COW_ODD_WAS,KEG-WHY_KEG-TAR_KEG-LUG_COW-KEG_KEG-ODD_KEG-WAS,KEG-TAR-11_KEG-LUG-11_COW-KEG-11_KEG-ODD-11_KEG-WAS-11_KEG-WHY-8,TAR-11_LUG-11_COW-11_ODD-11_WAS-11_WHY-8,0,outer
DOG-9,DOG,9,-109.3831304,-20.90173802,-35.81172137,BAR_BED_CUP_PAW_AGE_CHI,BAR-DOG_BED-DOG_CUP-DOG_DOG-PAW_AGE-DOG_CHI-DOG,BAR-DOG-4_BED-DOG-4_CUP-DOG-4_DOG-PAW-4_AGE-DOG-9_CHI-DOG-9,BAR-4_BED-4_CUP-4_PAW-4_AGE-9_CHI-9,0,outer
WIG-9,WIG,9,-83.42824041,-103.036941,-20.98122137,ELK_KEY_KIT_NOR_USE_WOW,ELK-WIG_KEY-WIG_KIT-WIG_NOR-WIG_USE-WIG_WIG-WOW,ELK-WIG-9_KEY-WIG-9_KIT-WIG-9_NOR-WIG-9_USE-WIG-9_WIG-WOW-9,ELK-9_KEY-9_KIT-9_NOR-9_USE-9_WOW-9,0,outer
LUG-11,LUG,8,87.02662859,-36.21138802,-5.755776372,ETA_JAR_KEG_PAY_TAR_TUX_WHY_COW_FIX_GAS_ODD_IVY,ETA-LUG_JAR-LUG_KEG-LUG_LUG-PAY_LUG-TAR_LUG-TUX_LUG-WHY_COW-LUG_FIX-LUG_GAS-LUG_LUG-ODD_IVY-LUG,KEG-LUG-11_LUG-TAR-11_COW-LUG-11_FIX-LUG-11_GAS-LUG-11_LUG-ODD-11_ETA-LUG-8_JAR-LUG-8_LUG-PAY-8_LUG-TUX-8_LUG-WHY-8_IVY-LUG-7,KEG-11_TAR-11_COW-11_FIX-11_GAS-11_ODD-11_ETA-8_JAR-8_PAY-8_TUX-8_WHY-8_IVY-7,0,inner
ORC-2,ORC,2,101.1758146,38.13227498,-80.54947137,ASK_BOY_CIS_OFF_TAG,ASK-ORC_BOY-ORC_CIS-ORC_OFF-ORC_ORC-TAG,ASK-ORC-2_BOY-ORC-2_CIS-ORC-2_OFF-ORC-2_ORC-TAG-2,ASK-2_BOY-2_CIS-2_OFF-2_TAG-2,0,outer
RUM-5,RUM,5,-19.97606541,133.05074,-26.66302937,GUT_INK_MAY_OIL_SIP_HOW_REF_SHY_PIE,GUT-RUM_INK-RUM_MAY-RUM_OIL-RUM_RUM-SIP_HOW-RUM_REF-RUM_RUM-SHY_PIE-RUM,GUT-RUM-3_INK-RUM-3_MAY-RUM-3_RUM-SIP-3_OIL-RUM-5_HOW-RUM-5_REF-RUM-5_RUM-SHY-5_PIE-RUM-1,GUT-3_INK-3_MAY-3_SIP-3_OIL-5_HOW-5_REF-5_SHY-5_PIE-1,1,inner
WIZ-4,WIZ,4,-94.22729741,61.19367898,16.15277063,GIN_SAY_TAX_FLY_VOW_ZZZ,GIN-WIZ_SAY-WIZ_TAX-WIZ_FLY-WIZ_VOW-WIZ_WIZ-ZZZ,GIN-WIZ-4_SAY-WIZ-4_TAX-WIZ-4_FLY-WIZ-5_VOW-WIZ-6_WIZ-ZZZ-4,GIN-4_SAY-4_TAX-4_FLY-5_VOW-6_ZZZ-6,0,outer
TOY-7,TOY,7,37.08808359,78.05762498,53.34773463,ADO_DUB_JOB_NIL_EON_WET,ADO-TOY_DUB-TOY_JOB-TOY_NIL-TOY_EON-TOY_TOY-WET,ADO-TOY-5_DUB-TOY-5_JOB-TOY-5_NIL-TOY-7_EON-TOY-7_TOY-WET-7,ADO-5_DUB-5_JOB-5_NIL-7_EON-7_WET-7,0,outer
NIL-5,NIL,7,22.39774359,57.19140898,50.77433863,ADO_JOB_JUG_TOY_PLY_AHI_EON_ERA_WET_YES,ADO-NIL_JOB-NIL_JUG-NIL_NIL-TOY_NIL-PLY_AHI-NIL_EON-NIL_ERA-NIL_NIL-WET_NIL-YES,ADO-NIL-5_JOB-NIL-5_JUG-NIL-5_NIL-PLY-5_NIL-TOY-7_AHI-NIL-7_EON-NIL-7_ERA-NIL-7_NIL-WET-7_NIL-YES-7,ADO-5_JOB-5_JUG-5_PLY-5_TOY-7_AHI-7_EON-7_ERA-7_WET-7_YES-7,0,inner
TOY-5,TOY,7,34.48611959,80.90008598,51.65415463,ADO_DUB_JOB_NIL_EON_WET,ADO-TOY_DUB-TOY_JOB-TOY_NIL-TOY_EON-TOY_TOY-WET,ADO-TOY-5_DUB-TOY-5_JOB-TOY-5_NIL-TOY-7_EON-TOY-7_TOY-WET-7,ADO-5_DUB-5_JOB-5_NIL-7_EON-7_WET-7,0,outer
ADO-5,ADO,5,11.85316059,92.98717298,38.38084263,JOB_DUB_BOA_REF_TOY_NIL_NAY_WAR_HOW_PLY_WET_ELF,ADO-JOB_ADO-DUB_ADO-BOA_ADO-REF_ADO-TOY_ADO-NIL_ADO-NAY_ADO-WAR_ADO-HOW_ADO-PLY_ADO-WET_ADO-ELF,ADO-JOB-5_ADO-DUB-5_ADO-BOA-5_ADO-REF-5_ADO-TOY-5_ADO-NIL-5_ADO-NAY-5_ADO-WAR-5_ADO-HOW-5_ADO-PLY-5_ADO-WET-5_ADO-ELF-5,JOB-5_DUB-5_BOA-5_REF-5_TOY-5_NIL-5_NAY-5_WAR-5_HOW-5_PLY-5_WET-7_ELF-1,0,inner
TUX-2,TUX,8,107.8582086,-11.23492602,-23.19177837,ETA_FOX_IVY_LUG_PAY_GAS,ETA-TUX_FOX-TUX_IVY-TUX_LUG-TUX_PAY-TUX_GAS-TUX,ETA-TUX-2_FOX-TUX-2_IVY-TUX-2_LUG-TUX-8_PAY-TUX-8_GAS-TUX-11,ETA-2_FOX-2_IVY-2_LUG-8_PAY-8_GAS-11,0,outer
LAM-12,LAM,12,-49.51198841,-46.33818502,61.93299363,ACT_ASH_BUG_LAB_TAU_TRY,ACT-LAM_ASH-LAM_BUG-LAM_LAB-LAM_LAM-TAU_LAM-TRY,ACT-LAM-12_ASH-LAM-12_BUG-LAM-12_LAB-LAM-12_LAM-TAU-12_LAM-TRY-12,ACT-12_ASH-12_BUG-12_LAB-12_TAU-6_TRY-6,0,outer
WET-7,WET,7,55.73786259,71.53245898,30.98683663,ARM_DUB_ELF_NOM_ACE_BRO_EON_NIL_TOY_YES_ADO,ARM-WET_DUB-WET_ELF-WET_NOM-WET_ACE-WET_BRO-WET_EON-WET_NIL-WET_TOY-WET_WET-YES_ADO-WET,ARM-WET-1_DUB-WET-1_ELF-WET-1_NOM-WET-7_ACE-WET-7_BRO-WET-7_EON-WET-7_NIL-WET-7_TOY-WET-7_WET-YES-7_ADO-WET-5,ARM-1_DUB-1_ELF-1_NOM-7_ACE-7_BRO-7_EON-7_NIL-7_TOY-7_YES-7_ADO-5,0,inner
OVA-1,OVA,1,37.55681159,148.781207,-44.57590737,LEG_NIX_PIE_RAD_SPY,LEG-OVA_NIX-OVA_OVA-PIE_OVA-RAD_OVA-SPY,LEG-OVA-1_NIX-OVA-1_OVA-PIE-1_OVA-RAD-1_OVA-SPY-1,LEG-1_NIX-1_PIE-1_RAD-1_SPY-1,0,outer
NIL-7,NIL,7,25.22632359,54.72796798,52.16379663,ADO_JOB_JUG_TOY_PLY_AHI_EON_ERA_WET_YES,ADO-NIL_JOB-NIL_JUG-NIL_NIL-TOY_NIL-PLY_AHI-NIL_EON-NIL_ERA-NIL_NIL-WET_NIL-YES,ADO-NIL-5_JOB-NIL-5_JUG-NIL-5_NIL-PLY-5_NIL-TOY-7_AHI-NIL-7_EON-NIL-7_ERA-NIL-7_NIL-WET-7_NIL-YES-7,ADO-5_JOB-5_JUG-5_PLY-5_TOY-7_AHI-7_EON-7_ERA-7_WET-7_YES-7,0,inner
WET-1,WET,7,54.51494159,76.25100098,26.61509863,ARM_DUB_ELF_NOM_ACE_BRO_EON_NIL_TOY_YES_ADO,ARM-WET_DUB-WET_ELF-WET_NOM-WET_ACE-WET_BRO-WET_EON-WET_NIL-WET_TOY-WET_WET-YES_ADO-WET,ARM-WET-1_DUB-WET-1_ELF-WET-1_NOM-WET-7_ACE-WET-7_BRO-WET-7_EON-WET-7_NIL-WET-7_TOY-WET-7_WET-YES-7_ADO-WET-5,ARM-1_DUB-1_ELF-1_NOM-7_ACE-7_BRO-7_EON-7_NIL-7_TOY-7_YES-7_ADO-5,0,inner
POP-7,POP,7,80.11344359,20.84592298,39.43647463,ACE_EON_EYE_FIX_MAC_YES,ACE-POP_EON-POP_EYE-POP_FIX-POP_MAC-POP_POP-YES,ACE-POP-7_EON-POP-7_EYE-POP-7_FIX-POP-7_MAC-POP-7_POP-YES-7,ACE-7_EON-7_EYE-7_FIX-7_MAC-7_YES-7,0,outer
LAX-12,LAX,6,-77.21039241,-16.97610502,26.33721463,ACT_GIN_HAM_ICE_NAN_ART_ASH_BED_BUG_COY_MAD,ACT-LAX_GIN-LAX_HAM-LAX_ICE-LAX_LAX-NAN_ART-LAX_ASH-LAX_BED-LAX_BUG-LAX_COY-LAX_LAX-MAD,ART-LAX-12_ASH-LAX-12_BED-LAX-12_BUG-LAX-12_COY-LAX-12_LAX-MAD-12_ACT-LAX-6_GIN-LAX-6_HAM-LAX-6_ICE-LAX-6_LAX-NAN-6,ART-12_ASH-12_BED-12_BUG-12_COY-12_MAD-12_ACT-6_GIN-6_HAM-6_ICE-6_NAN-6,0,inner
GEL-10,GEL,10,53.08506359,-136.052756,7.895627628,DAD_EAR_SEX_ROB_MOO_PHI,DAD-GEL_EAR-GEL_GEL-SEX_GEL-ROB_GEL-MOO_GEL-PHI,DAD-GEL-10_EAR-GEL-10_GEL-SEX-10_GEL-ROB-10_GEL-MOO-10_GEL-PHI-10,DAD-10_EAR-10_SEX-10_ROB-10_MOO-10_PHI-8,0,outer
PAW-4,PAW,4,-113.3547044,18.42387798,-36.97350437,BED_CUP_DAY_DOG_GYM_SAY_ZIG_VAN,BED-PAW_CUP-PAW_DAY-PAW_DOG-PAW_GYM-PAW_PAW-SAY_PAW-ZIG_PAW-VAN,BED-PAW-4_CUP-PAW-4_DAY-PAW-4_DOG-PAW-4_GYM-PAW-4_PAW-SAY-4_PAW-ZIG-4_PAW-VAN-4,BED-4_CUP-4_DAY-4_DOG-4_GYM-4_SAY-4_ZIG-4_VAN-4,0,outer
ACE-7,ACE,7,82.95430959,41.79066798,19.02546163,WET_BRO_EYE_IVY_FIX_YES_SUN_POP_EON_NOM_HIT_DUI,ACE-WET_ACE-BRO_ACE-EYE_ACE-IVY_ACE-FIX_ACE-YES_ACE-SUN_ACE-POP_ACE-EON_ACE-NOM_ACE-HIT_ACE-DUI,ACE-WET-7_ACE-BRO-7_ACE-EYE-7_ACE-IVY-7_ACE-FIX-7_ACE-YES-7_ACE-SUN-7_ACE-POP-7_ACE-EON-7_ACE-NOM-7_ACE-HIT-7_ACE-DUI-7,WET-7_BRO-7_EYE-7_IVY-7_FIX-7_YES-7_SUN-7_POP-7_EON-7_NOM-7_HIT-7_DUI-2,0,inner
JUG-6,JUG,6,-5.433488406,37.92189098,71.05300363,JOB_PLY_NIL_ERA_RIB_SOY_MOP_AHI,JOB-JUG_JUG-PLY_JUG-NIL_ERA-JUG_JUG-RIB_JUG-SOY_JUG-MOP_AHI-JUG,JOB-JUG-5_JUG-NIL-5_JUG-PLY-6_ERA-JUG-6_JUG-RIB-6_JUG-SOY-6_JUG-MOP-6_AHI-JUG-7,JOB-5_NIL-5_PLY-6_ERA-6_RIB-6_SOY-6_MOP-6_AHI-7,0,outer
PLY-5,PLY,6,-22.25168941,55.30934898,47.80186763,ADO_FUN_JOB_JUG_NAY_NIL_REF_VOW_ERA_FAN_MOP_NAN_SOY,ADO-PLY_FUN-PLY_JOB-PLY_JUG-PLY_NAY-PLY_NIL-PLY_PLY-REF_PLY-VOW_ERA-PLY_FAN-PLY_MOP-PLY_NAN-PLY_PLY-SOY,ADO-PLY-5_FUN-PLY-5_JOB-PLY-5_NAY-PLY-5_NIL-PLY-5_PLY-REF-5_JUG-PLY-6_PLY-VOW-6_ERA-PLY-6_FAN-PLY-6_MOP-PLY-6_NAN-PLY-6_PLY-SOY-6,ADO-5_FUN-5_JOB-5_NAY-5_NIL-5_REF-5_JUG-6_VOW-6_ERA-6_FAN-6_MOP-6_NAN-6_SOY-6,0,inner
OLD-14,OLD,14,-0.811181406,-60.86001002,71.98093063,HOT_LAB_LIE_TAU_ZAP_EVE_FOG_LAW,HOT-OLD_LAB-OLD_LIE-OLD_OLD-TAU_OLD-ZAP_EVE-OLD_FOG-OLD_LAW-OLD,HOT-OLD-13_LAB-OLD-13_OLD-ZAP-13_LIE-OLD-14_OLD-TAU-14_EVE-OLD-14_FOG-OLD-14_LAW-OLD-14,HOT-13_LAB-13_ZAP-13_LIE-14_TAU-14_EVE-14_FOG-14_LAW-14,0,outer
GIN-4,GIN,6,-89.79028241,31.51131598,13.93948363,BED_DAY_WIZ_SAY_TAX_ICE_NAN_LAX_ZZZ_VOW_HAM,BED-GIN_DAY-GIN_GIN-WIZ_GIN-SAY_GIN-TAX_GIN-ICE_GIN-NAN_GIN-LAX_GIN-ZZZ_GIN-VOW_GIN-HAM,BED-GIN-4_DAY-GIN-4_GIN-WIZ-4_GIN-SAY-4_GIN-TAX-4_GIN-ICE-6_GIN-NAN-6_GIN-LAX-6_GIN-ZZZ-6_GIN-VOW-6_GIN-HAM-6,BED-4_DAY-4_WIZ-4_SAY-4_TAX-4_ICE-6_NAN-6_LAX-6_ZZZ-6_VOW-6_HAM-6,0,inner
GIN-6,GIN,6,-90.01991741,31.45906698,17.70368663,BED_DAY_WIZ_SAY_TAX_ICE_NAN_LAX_ZZZ_VOW_HAM,BED-GIN_DAY-GIN_GIN-WIZ_GIN-SAY_GIN-TAX_GIN-ICE_GIN-NAN_GIN-LAX_GIN-ZZZ_GIN-VOW_GIN-HAM,BED-GIN-4_DAY-GIN-4_GIN-WIZ-4_GIN-SAY-4_GIN-TAX-4_GIN-ICE-6_GIN-NAN-6_GIN-LAX-6_GIN-ZZZ-6_GIN-VOW-6_GIN-HAM-6,BED-4_DAY-4_WIZ-4_SAY-4_TAX-4_ICE-6_NAN-6_LAX-6_ZZZ-6_VOW-6_HAM-6,0,inner
DRY-5,DRY,5,-56.95802341,99.52146798,25.78648963,OIL_VOW_REF_SHY_FLY_FUN,DRY-OIL_DRY-VOW_DRY-REF_DRY-SHY_DRY-FLY_DRY-FUN,DRY-OIL-5_DRY-VOW-5_DRY-REF-5_DRY-SHY-5_DRY-FLY-5_DRY-FUN-5,OIL-5_VOW-5_REF-5_SHY-5_FLY-5_FUN-5,0,outer
LID-3,LID,3,-75.29686741,66.12933398,-99.65481637,AIM_EGO_GYM_MOM_WAX_BOX_HUG,AIM-LID_EGO-LID_GYM-LID_LID-MOM_LID-WAX_BOX-LID_HUG-LID,AIM-LID-3_EGO-LID-3_GYM-LID-3_LID-MOM-3_LID-WAX-3_BOX-LID-4_HUG-LID-4,AIM-3_EGO-3_GYM-3_MOM-3_WAX-3_BOX-4_HUG-4,1,inner
WOW-9,WOW,9,-59.45124641,-124.594124,-20.00325837,COP_ELK_KEY_NOR_USE_WIG_GET_GOO_HIP_NEW_RUG_SAD,COP-WOW_ELK-WOW_KEY-WOW_NOR-WOW_USE-WOW_WIG-WOW_GET-WOW_GOO-WOW_HIP-WOW_NEW-WOW_RUG-WOW_SAD-WOW,COP-WOW-10_GET-WOW-10_GOO-WOW-10_HIP-WOW-10_NEW-WOW-10_RUG-WOW-10_SAD-WOW-10_ELK-WOW-9_KEY-WOW-9_NOR-WOW-9_USE-WOW-9_WIG-WOW-9,COP-10_GET-10_GOO-10_HIP-10_NEW-10_RUG-10_SAD-10_ELK-9_KEY-9_NOR-9_USE-9_WIG-9,0,inner
REF-5,REF,5,-28.63881841,97.75430098,25.92900463,ADO_BOA_DRY_FUN_HOW_NAY_OIL_PLY_RUM_VOW_SHY,ADO-REF_BOA-REF_DRY-REF_FUN-REF_HOW-REF_NAY-REF_OIL-REF_PLY-REF_REF-RUM_REF-VOW_REF-SHY,ADO-REF-5_BOA-REF-5_DRY-REF-5_FUN-REF-5_HOW-REF-5_NAY-REF-5_OIL-REF-5_PLY-REF-5_REF-RUM-5_REF-VOW-5_REF-SHY-5,ADO-5_BOA-5_DRY-5_FUN-5_HOW-5_NAY-5_OIL-5_PLY-5_RUM-5_VOW-5_SHY-5,0,inner
PIG-10,PIG,13,6.241364594,-121.224164,32.61002663,ALL_DAD_EAR_EGG_GOO_MOO_RUG_HOT_JAM_LIE_ZAP_PRO,ALL-PIG_DAD-PIG_EAR-PIG_EGG-PIG_GOO-PIG_MOO-PIG_PIG-RUG_HOT-PIG_JAM-PIG_LIE-PIG_PIG-ZAP_PIG-PRO,ALL-PIG-10_DAD-PIG-10_EAR-PIG-10_EGG-PIG-10_MOO-PIG-10_PIG-RUG-10_GOO-PIG-13_HOT-PIG-13_JAM-PIG-13_LIE-PIG-13_PIG-ZAP-13_PIG-PRO-13,ALL-10_DAD-10_EAR-10_EGG-10_MOO-10_RUG-10_GOO-13_HOT-13_JAM-13_LIE-13_ZAP-13_PRO-13,0,inner
JAM-11,JAM,13,31.93390459,-102.456159,48.95968163,EAR_ZOO_LIE_HOT_PIG_MOO,EAR-JAM_JAM-ZOO_JAM-LIE_HOT-JAM_JAM-PIG_JAM-MOO,EAR-JAM-11_JAM-ZOO-11_JAM-LIE-13_HOT-JAM-13_JAM-PIG-13_JAM-MOO-13,EAR-11_ZOO-11_LIE-13_HOT-13_PIG-13_MOO-10,0,outer
SAD-10,SAD,10,-46.30678341,-142.987594,11.08167163,ALL_GOO_HIP_RUG_WOW_KEY,ALL-SAD_GOO-SAD_HIP-SAD_RUG-SAD_SAD-WOW_KEY-SAD,ALL-SAD-10_GOO-SAD-10_HIP-SAD-10_RUG-SAD-10_SAD-WOW-10_KEY-SAD-9,ALL-10_GOO-10_HIP-10_RUG-10_WOW-10_KEY-9,0,outer
SHY-5,SHY,5,-28.92061941,125.976734,7.891281628,BOA_DRY_HOW_OIL_REF_RUM_INK,BOA-SHY_DRY-SHY_HOW-SHY_OIL-SHY_REF-SHY_RUM-SHY_INK-SHY,BOA-SHY-5_DRY-SHY-5_HOW-SHY-5_OIL-SHY-5_REF-SHY-5_RUM-SHY-5_INK-SHY-3,BOA-5_DRY-5_HOW-5_OIL-5_REF-5_RUM-5_INK-3,0,outer
KEY-9,KEY,9,-69.64055541,-117.391416,7.820439628,WOW_NOR_WIG_FIG_GOO_SAD,KEY-WOW_KEY-NOR_KEY-WIG_FIG-KEY_GOO-KEY_KEY-SAD,KEY-NOR-12_FIG-KEY-12_GOO-KEY-12_KEY-WOW-9_KEY-WIG-9_KEY-SAD-9,NOR-12_FIG-12_GOO-12_WOW-9_WIG-9_SAD-10,0,outer
KIT-9,KIT,9,-93.70142841,-68.56138902,-19.98796437,AGE_CHI_COY_ELK_NOR_WIG_ONO_ART,AGE-KIT_CHI-KIT_COY-KIT_ELK-KIT_KIT-NOR_KIT-WIG_KIT-ONO_ART-KIT,AGE-KIT-9_CHI-KIT-9_COY-KIT-9_ELK-KIT-9_KIT-NOR-9_KIT-WIG-9_KIT-ONO-9_ART-KIT-12,AGE-9_CHI-9_COY-9_ELK-9_NOR-9_WIG-9_ONO-9_ART-12,0,outer
IVY-2,IVY,7,94.59196259,13.11335398,-16.07717937,DUI_ETA_FOX_TUX_SUN_SKY_TAG_ACE_EYE_FIX_GAS_LUG,DUI-IVY_ETA-IVY_FOX-IVY_IVY-TUX_IVY-SUN_IVY-SKY_IVY-TAG_ACE-IVY_EYE-IVY_FIX-IVY_GAS-IVY_IVY-LUG,DUI-IVY-2_ETA-IVY-2_FOX-IVY-2_IVY-TUX-2_IVY-SKY-2_IVY-TAG-2_IVY-SUN-7_ACE-IVY-7_EYE-IVY-7_FIX-IVY-7_GAS-IVY-11_IVY-LUG-7,DUI-2_ETA-2_FOX-2_TUX-2_SKY-2_TAG-2_SUN-7_ACE-7_EYE-7_FIX-7_GAS-11_LUG-8,0,inner
BOX-4,BOX,4,-102.3783024,45.64410998,-89.24967437,HUG_GYM_VAN_LID_EGO,BOX-HUG_BOX-GYM_BOX-VAN_BOX-LID_BOX-EGO,BOX-HUG-4_BOX-GYM-4_BOX-VAN-4_BOX-LID-4_BOX-EGO-4,HUG-4_GYM-4_VAN-4_LID-3_EGO-3,1,outer
MAY-3,MAY,3,-42.89736841,147.070363,-46.28103337,GUT_HEX_INK_RUM_SIP,GUT-MAY_HEX-MAY_INK-MAY_MAY-RUM_MAY-SIP,GUT-MAY-3_HEX-MAY-3_INK-MAY-3_MAY-RUM-3_MAY-SIP-3,GUT-3_HEX-3_INK-3_RUM-3_SIP-3,0,outer
FOR-10,FOR,10,-1.859306406,-159.398511,-11.69254437,DAD_EGG_OAK_GET_RUG_HIP,DAD-FOR_EGG-FOR_FOR-OAK_FOR-GET_FOR-RUG_FOR-HIP,DAD-FOR-10_EGG-FOR-10_FOR-OAK-10_FOR-GET-10_FOR-RUG-10_FOR-HIP-10,DAD-10_EGG-10_OAK-10_GET-10_RUG-10_HIP-10,0,outer
ODD-11,ODD,11,85.97783059,-36.78945902,22.52835163,AIR_COW_FIX_GAS_KEG_LUG,AIR-ODD_COW-ODD_FIX-ODD_GAS-ODD_KEG-ODD_LUG-ODD,AIR-ODD-11_COW-ODD-11_FIX-ODD-11_GAS-ODD-11_KEG-ODD-11_LUG-ODD-11,AIR-11_COW-11_FIX-11_GAS-11_KEG-11_LUG-11,0,outer
EVE-14,EVE,14,30.91119559,-41.28148002,69.58921863,LAW_OLD_GIG_IRE_LIE_FAX,EVE-LAW_EVE-OLD_EVE-GIG_EVE-IRE_EVE-LIE_EVE-FAX,EVE-LAW-14_EVE-OLD-14_EVE-GIG-14_EVE-IRE-14_EVE-LIE-14_EVE-FAX-14,LAW-14_OLD-14_GIG-14_IRE-14_LIE-14_FAX-11,0,outer
OAR-3,OAR,3,-102.5536564,87.41918798,-42.43610337,AGO_EGO_FLY_GYM_MIX_MOM_TAX_ZIG,AGO-OAR_EGO-OAR_FLY-OAR_GYM-OAR_MIX-OAR_MOM-OAR_OAR-TAX_OAR-ZIG,AGO-OAR-3_EGO-OAR-3_FLY-OAR-3_GYM-OAR-3_MIX-OAR-3_MOM-OAR-3_OAR-TAX-3_OAR-ZIG-3,AGO-3_EGO-3_FLY-3_GYM-3_MIX-3_MOM-3_TAX-3_ZIG-4,0,outer
JAR-8,JAR,8,84.01051459,-54.19003002,-46.44022937,BAM_ETA_HAY_TAR_WIN_PAY_LUG_YAY_WHY_SAW,BAM-JAR_ETA-JAR_HAY-JAR_JAR-TAR_JAR-WIN_JAR-PAY_JAR-LUG_JAR-YAY_JAR-WHY_JAR-SAW,BAM-JAR-8_ETA-JAR-8_HAY-JAR-8_JAR-TAR-8_JAR-WIN-8_JAR-PAY-8_JAR-LUG-8_JAR-YAY-8_JAR-WHY-8_JAR-SAW-8,BAM-8_ETA-8_HAY-8_TAR-8_WIN-8_PAY-8_LUG-8_YAY-8_WHY-8_SAW-8,0,inner
AGO-3,AGO,3,-77.59085641,99.85877998,-32.02837637,ALA_MIX_OAR_TAX_MOM_FLY_OIL_GUT,AGO-ALA_AGO-MIX_AGO-OAR_AGO-TAX_AGO-MOM_AGO-FLY_AGO-OIL_AGO-GUT,AGO-ALA-3_AGO-MIX-3_AGO-OAR-3_AGO-TAX-3_AGO-MOM-3_AGO-FLY-3_AGO-OIL-3_AGO-GUT-3,ALA-3_MIX-3_OAR-3_TAX-3_MOM-3_FLY-3_OIL-3_GUT-3,0,inner
ETA-2,ETA,8,97.82119359,-10.49737002,-50.66639537,BAH_BOY_CIS_TUX_IVY_FOX_TAG_BAM_LUG_PAY_JAR_WIN,BAH-ETA_BOY-ETA_CIS-ETA_ETA-TUX_ETA-IVY_ETA-FOX_ETA-TAG_BAM-ETA_ETA-LUG_ETA-PAY_ETA-JAR_ETA-WIN,BAH-ETA-2_BOY-ETA-2_CIS-ETA-2_ETA-TUX-2_ETA-IVY-2_ETA-FOX-2_ETA-TAG-2_BAM-ETA-8_ETA-LUG-8_ETA-PAY-8_ETA-JAR-8_ETA-WIN-8,BAH-2_BOY-2_CIS-2_TUX-2_IVY-2_FOX-2_TAG-2_BAM-8_LUG-8_PAY-8_JAR-8_WIN-8,0,inner
GAS-11,GAS,11,98.01878059,-13.78822502,8.027349628,FIX_ODD_LUG_EYE_IVY_TUX,FIX-GAS_GAS-ODD_GAS-LUG_EYE-GAS_GAS-IVY_GAS-TUX,FIX-GAS-11_GAS-ODD-11_GAS-LUG-11_EYE-GAS-7_GAS-IVY-11_GAS-TUX-11,FIX-11_ODD-11_LUG-11_EYE-7_IVY-7_TUX-8,0,outer
GUT-3,GUT,3,-58.81736041,125.501099,-49.45211537,AGO_ALA_INK_MAY_HEX_WAX_MIX_RUM_SIP_OIL_MOM,AGO-GUT_ALA-GUT_GUT-INK_GUT-MAY_GUT-HEX_GUT-WAX_GUT-MIX_GUT-RUM_GUT-SIP_GUT-OIL_GUT-MOM,AGO-GUT-3_ALA-GUT-3_GUT-INK-3_GUT-MAY-3_GUT-HEX-3_GUT-WAX-3_GUT-MIX-3_GUT-RUM-3_GUT-SIP-3_GUT-OIL-3_GUT-MOM-3,AGO-3_ALA-3_INK-3_MAY-3_HEX-3_WAX-3_MIX-3_RUM-3_SIP-3_OIL-3_MOM-3,0,inner
DAD-10,DAD,10,25.22672259,-147.27426,0.517395628,CAB_GEL_FOR_EAR_RUG_PIG_ROB_SEX_EGG_GET_OAK_MOO,CAB-DAD_DAD-GEL_DAD-FOR_DAD-EAR_DAD-RUG_DAD-PIG_DAD-ROB_DAD-SEX_DAD-EGG_DAD-GET_DAD-OAK_DAD-MOO,CAB-DAD-10_DAD-GEL-10_DAD-FOR-10_DAD-EAR-10_DAD-RUG-10_DAD-PIG-10_DAD-ROB-10_DAD-SEX-10_DAD-EGG-10_DAD-GET-10_DAD-OAK-10_DAD-MOO-10,CAB-10_GEL-10_FOR-10_EAR-10_RUG-10_PIG-10_ROB-10_SEX-10_EGG-10_GET-10_OAK-10_MOO-10,0,inner
PLY-6,PLY,6,-25.05522041,53.31458298,49.84175063,ADO_FUN_JOB_JUG_NAY_NIL_REF_VOW_ERA_FAN_MOP_NAN_SOY,ADO-PLY_FUN-PLY_JOB-PLY_JUG-PLY_NAY-PLY_NIL-PLY_PLY-REF_PLY-VOW_ERA-PLY_FAN-PLY_MOP-PLY_NAN-PLY_PLY-SOY,ADO-PLY-5_FUN-PLY-5_JOB-PLY-5_NAY-PLY-5_NIL-PLY-5_PLY-REF-5_JUG-PLY-6_PLY-VOW-6_ERA-PLY-6_FAN-PLY-6_MOP-PLY-6_NAN-PLY-6_PLY-SOY-6,ADO-5_FUN-5_JOB-5_NAY-5_NIL-5_REF-5_JUG-6_VOW-6_ERA-6_FAN-6_MOP-6_NAN-6_SOY-6,0,inner
GIG-11,GIG,14,47.13816959,-23.18064902,50.88486063,AIR_COW_FAX_FIX_LIE_MAC_ERA_EVE_IRE_LAW_YES,AIR-GIG_COW-GIG_FAX-GIG_FIX-GIG_GIG-LIE_GIG-MAC_ERA-GIG_EVE-GIG_GIG-IRE_GIG-LAW_GIG-YES,AIR-GIG-11_COW-GIG-11_FAX-GIG-11_FIX-GIG-11_GIG-MAC-11_GIG-LIE-14_ERA-GIG-14_EVE-GIG-14_GIG-IRE-14_GIG-LAW-14_GIG-YES-14,AIR-11_COW-11_FAX-11_FIX-11_MAC-11_LIE-14_ERA-14_EVE-14_IRE-14_LAW-14_YES-7,0,inner
BAM-8,BAM,8,73.08419059,-39.61716802,-83.34339637,BAH_JAR_YAY_HAY_ETA_WIN_CIS,BAH-BAM_BAM-JAR_BAM-YAY_BAM-HAY_BAM-ETA_BAM-WIN_BAM-CIS,BAH-BAM-8_BAM-JAR-8_BAM-YAY-8_BAM-HAY-8_BAM-ETA-8_BAM-WIN-8_BAM-CIS-8,BAH-8_JAR-8_YAY-8_HAY-8_ETA-8_WIN-8_CIS-2,1,inner
NOM-7,NOM,7,76.18738459,86.59016998,-4.606762372,ARM_BIO_ELF_GUN_JOY_WET_SPY_DIG_DUI_HIT_ACE_BRO,ARM-NOM_BIO-NOM_ELF-NOM_GUN-NOM_JOY-NOM_NOM-WET_NOM-SPY_DIG-NOM_DUI-NOM_HIT-NOM_ACE-NOM_BRO-NOM,ARM-NOM-1_BIO-NOM-1_ELF-NOM-1_GUN-NOM-1_JOY-NOM-1_NOM-SPY-1_DIG-NOM-2_DUI-NOM-2_NOM-WET-7_HIT-NOM-7_ACE-NOM-7_BRO-NOM-7,ARM-1_BIO-1_ELF-1_GUN-1_JOY-1_SPY-1_DIG-2_DUI-2_WET-7_HIT-7_ACE-7_BRO-7,0,inner
WAS-11,WAS,11,71.74941359,-81.86690602,19.97496263,COW_EAR_KEG_PHI_TAR_ZOO,COW-WAS_EAR-WAS_KEG-WAS_PHI-WAS_TAR-WAS_WAS-ZOO,COW-WAS-11_EAR-WAS-11_KEG-WAS-11_PHI-WAS-11_TAR-WAS-11_WAS-ZOO-11,COW-11_EAR-11_KEG-11_PHI-11_TAR-11_ZOO-11,0,outer
GIG-14,GIG,14,41.95506859,-21.83033602,51.21567163,AIR_COW_FAX_FIX_LIE_MAC_ERA_EVE_IRE_LAW_YES,AIR-GIG_COW-GIG_FAX-GIG_FIX-GIG_GIG-LIE_GIG-MAC_ERA-GIG_EVE-GIG_GIG-IRE_GIG-LAW_GIG-YES,AIR-GIG-11_COW-GIG-11_FAX-GIG-11_FIX-GIG-11_GIG-MAC-11_GIG-LIE-14_ERA-GIG-14_EVE-GIG-14_GIG-IRE-14_GIG-LAW-14_GIG-YES-14,AIR-11_COW-11_FAX-11_FIX-11_MAC-11_LIE-14_ERA-14_EVE-14_IRE-14_LAW-14_YES-7,0,inner
NOM-2,NOM,7,76.73077159,86.61888398,-8.750120372,ARM_BIO_ELF_GUN_JOY_WET_SPY_DIG_DUI_HIT_ACE_BRO,ARM-NOM_BIO-NOM_ELF-NOM_GUN-NOM_JOY-NOM_NOM-WET_NOM-SPY_DIG-NOM_DUI-NOM_HIT-NOM_ACE-NOM_BRO-NOM,ARM-NOM-1_BIO-NOM-1_ELF-NOM-1_GUN-NOM-1_JOY-NOM-1_NOM-SPY-1_DIG-NOM-2_DUI-NOM-2_NOM-WET-7_HIT-NOM-7_ACE-NOM-7_BRO-NOM-7,ARM-1_BIO-1_ELF-1_GUN-1_JOY-1_SPY-1_DIG-2_DUI-2_WET-7_HIT-7_ACE-7_BRO-7,0,inner
TUX-8,TUX,8,108.4933236,-15.46935902,-22.75135137,ETA_FOX_IVY_LUG_PAY_GAS,ETA-TUX_FOX-TUX_IVY-TUX_LUG-TUX_PAY-TUX_GAS-TUX,ETA-TUX-2_FOX-TUX-2_IVY-TUX-2_LUG-TUX-8_PAY-TUX-8_GAS-TUX-11,ETA-2_FOX-2_IVY-2_LUG-8_PAY-8_GAS-11,0,outer
PHI-8,PHI,8,73.86403559,-101.253142,1.910047628,TAR_SEX_SAW_EAR_WAS_GEL,PHI-TAR_PHI-SEX_PHI-SAW_EAR-PHI_PHI-WAS_GEL-PHI,PHI-TAR-11_EAR-PHI-11_PHI-WAS-11_PHI-SEX-8_PHI-SAW-8_GEL-PHI-10,TAR-11_EAR-11_WAS-11_SEX-8_SAW-8_GEL-10,0,outer
COP-10,COP,9,-39.98823741,-109.145583,-42.28678237,WOW_USE_TAT_ELK_NEW_GET,COP-WOW_COP-USE_COP-TAT_COP-ELK_COP-NEW_COP-GET,COP-WOW-10_COP-NEW-10_COP-GET-10_COP-USE-9_COP-TAT-9_COP-ELK-9,WOW-10_NEW-10_GET-10_USE-9_TAT-9_ELK-9,1,inner
ALL-10,ALL,10,-21.26114741,-138.6957,32.20581763,GOO_EGG_SAD_RUG_PIG_PRO,ALL-GOO_ALL-EGG_ALL-SAD_ALL-RUG_ALL-PIG_ALL-PRO,ALL-GOO-10_ALL-EGG-10_ALL-SAD-10_ALL-RUG-10_ALL-PIG-10_ALL-PRO-10,GOO-10_EGG-10_SAD-10_RUG-10_PIG-10_PRO-13,0,outer
SUN-7,SUN,7,104.1034676,36.32947298,1.262630628,DUI_HIT_IVY_SKY_ACE_EYE,DUI-SUN_HIT-SUN_IVY-SUN_SKY-SUN_ACE-SUN_EYE-SUN,DUI-SUN-2_SKY-SUN-2_HIT-SUN-7_IVY-SUN-7_ACE-SUN-7_EYE-SUN-7,DUI-2_SKY-2_HIT-7_IVY-7_ACE-7_EYE-7,0,outer
LUG-8,LUG,8,89.76299359,-35.23578102,-8.809875372,ETA_JAR_KEG_PAY_TAR_TUX_WHY_COW_FIX_GAS_ODD_IVY,ETA-LUG_JAR-LUG_KEG-LUG_LUG-PAY_LUG-TAR_LUG-TUX_LUG-WHY_COW-LUG_FIX-LUG_GAS-LUG_LUG-ODD_IVY-LUG,KEG-LUG-11_LUG-TAR-11_COW-LUG-11_FIX-LUG-11_GAS-LUG-11_LUG-ODD-11_ETA-LUG-8_JAR-LUG-8_LUG-PAY-8_LUG-TUX-8_LUG-WHY-8_IVY-LUG-7,KEG-11_TAR-11_COW-11_FIX-11_GAS-11_ODD-11_ETA-8_JAR-8_PAY-8_TUX-8_WHY-8_IVY-7,0,inner
JUG-5,JUG,6,-2.629957406,39.91665698,69.01312063,JOB_PLY_NIL_ERA_RIB_SOY_MOP_AHI,JOB-JUG_JUG-PLY_JUG-NIL_ERA-JUG_JUG-RIB_JUG-SOY_JUG-MOP_AHI-JUG,JOB-JUG-5_JUG-NIL-5_JUG-PLY-6_ERA-JUG-6_JUG-RIB-6_JUG-SOY-6_JUG-MOP-6_AHI-JUG-7,JOB-5_NIL-5_PLY-6_ERA-6_RIB-6_SOY-6_MOP-6_AHI-7,0,outer
SUN-2,SUN,7,105.0021466,37.50039698,-2.583674372,DUI_HIT_IVY_SKY_ACE_EYE,DUI-SUN_HIT-SUN_IVY-SUN_SKY-SUN_ACE-SUN_EYE-SUN,DUI-SUN-2_SKY-SUN-2_HIT-SUN-7_IVY-SUN-7_ACE-SUN-7_EYE-SUN-7,DUI-2_SKY-2_HIT-7_IVY-7_ACE-7_EYE-7,0,outer
ARM-1,ARM,1,65.19910059,101.295225,14.24669263,ELF_BIO_WET_DUB_NOM_BRO,ARM-ELF_ARM-BIO_ARM-WET_ARM-DUB_ARM-NOM_ARM-BRO,ARM-ELF-1_ARM-BIO-1_ARM-WET-1_ARM-DUB-1_ARM-NOM-1_ARM-BRO-1,ELF-1_BIO-1_WET-1_DUB-1_NOM-1_BRO-7,0,outer
SIP-3,SIP,3,-28.66803741,143.011165,-69.18081237,GUT_HEX_MAY_RUM_WAX,GUT-SIP_HEX-SIP_MAY-SIP_RUM-SIP_SIP-WAX,GUT-SIP-3_HEX-SIP-3_MAY-SIP-3_RUM-SIP-3_SIP-WAX-3,GUT-3_HEX-3_MAY-3_RUM-3_WAX-3,1,inner
SKY-2,SKY,2,112.3883416,35.23947098,-28.36083737,DUI_FOX_IVY_SUN_TUB_TAG,DUI-SKY_FOX-SKY_IVY-SKY_SKY-SUN_SKY-TUB_SKY-TAG,DUI-SKY-2_FOX-SKY-2_IVY-SKY-2_SKY-SUN-2_SKY-TUB-2_SKY-TAG-2,DUI-2_FOX-2_IVY-2_SUN-2_TUB-2_TAG-2,0,outer
HIT-7,HIT,7,96.86061759,65.50574698,4.395899628,DIG_DUI_SUN_NOM_ACE_BRO,DIG-HIT_DUI-HIT_HIT-SUN_HIT-NOM_ACE-HIT_BRO-HIT,DIG-HIT-2_DUI-HIT-2_HIT-SUN-7_HIT-NOM-7_ACE-HIT-7_BRO-HIT-7,DIG-2_DUI-2_SUN-7_NOM-7_ACE-7_BRO-7,0,outer
COP-9,COP,9,-42.95671341,-101.868626,-45.03855737,WOW_USE_TAT_ELK_NEW_GET,COP-WOW_COP-USE_COP-TAT_COP-ELK_COP-NEW_COP-GET,COP-WOW-10_COP-NEW-10_COP-GET-10_COP-USE-9_COP-TAT-9_COP-ELK-9,WOW-10_NEW-10_GET-10_USE-9_TAT-9_ELK-9,1,inner
OIL-5,OIL,5,-55.28968041,101.814954,-2.314150372,AGO_ALA_FLY_GUT_INK_RUM_TAX_DRY_VOW_SHY_REF,AGO-OIL_ALA-OIL_FLY-OIL_GUT-OIL_INK-OIL_OIL-RUM_OIL-TAX_DRY-OIL_OIL-VOW_OIL-SHY_OIL-REF,AGO-OIL-3_ALA-OIL-3_GUT-OIL-3_INK-OIL-3_OIL-TAX-3_FLY-OIL-5_OIL-RUM-5_DRY-OIL-5_OIL-VOW-5_OIL-SHY-5_OIL-REF-5,AGO-3_ALA-3_GUT-3_INK-3_TAX-3_FLY-5_RUM-5_DRY-5_VOW-5_SHY-5_REF-5,0,inner
HIT-2,HIT,7,97.67347859,66.47715898,0.875633628,DIG_DUI_SUN_NOM_ACE_BRO,DIG-HIT_DUI-HIT_HIT-SUN_HIT-NOM_ACE-HIT_BRO-HIT,DIG-HIT-2_DUI-HIT-2_HIT-SUN-7_HIT-NOM-7_ACE-HIT-7_BRO-HIT-7,DIG-2_DUI-2_SUN-7_NOM-7_ACE-7_BRO-7,0,outer
